Name,Type,HP,Attack,Defense,Sp. Atk,Sp. Def,Speed,Habitat,Power,Size,Weight Class,Diet,Evolution Stage,Movement,Combat,Narrative,Skills
Bulbasaur,Grass|Poison,5,5,5,7,7,5,"Grasslands, Forest",2,Small,2,Phototroph,1,,Threaded|Underdog,Alluring,Acrobatics:Inept|Athletics:Mastered|Focus:Proficient|Perception:Proficient|Nature Edu:Proficient
Ivysaur,Grass|Poison,6,6,6,8,8,6,"Grasslands, Forest",3,Medium,2,Phototroph,2,,Threaded|Underdog,Alluring,Acrobatics:Inept|Athletics:Mastered|Focus:Proficient|Perception:Proficient|Nature Edu:Proficient
Venusaur,Grass|Poison,8,8,8,10,10,8,"Grasslands, Forest",8,Large,5,"Omnivore, Phototroph",3,,Threaded,Alluring,Acrobatics:Inept|Athletics:Mastered|Focus:Proficient|Perception:Proficient|Nature Edu:Proficient
Chikorita,Grass,5,5,7,5,7,5,"Grasslands, Forest",2,Small,1,Phototroph,1,,Underdog,Alluring,Acrobatics:Proficient|Athletics:Proficient|Perception:Proficient
Bayleef,Grass,6,6,8,6,8,6,"Grasslands, Forest",3,Medium,2,Phototroph,2,,Underdog,Alluring,Acrobatics:Proficient|Athletics:Proficient|Perception:Proficient
Meganium,Grass,8,8,10,8,10,8,"Grasslands, Forest",4,Large,5,Phototroph,3,,,Alluring,Acrobatics:Proficient|Athletics:Proficient|Perception:Proficient
Treecko,Grass,4,5,4,7,6,7,"Grasslands, Forest",2,Small,1,Herbivore,1,Climber|Quick,Underdog,,Acrobatics:Mastered|Perception:Proficient|Stealth:Proficient
Grovyle,Grass,5,7,5,9,6,7,"Grasslands, Forest",3,Medium,2,Herbivore,2,Climber|Glider|Quick,Underdog,,Acrobatics:Mastered|Perception:Proficient|Stealth:Proficient
Sceptile,Grass,7,9,7,11,9,12,"Grasslands, Forest",5,Medium,4,Herbivore,3,Climber|Quick,,,Acrobatics:Mastered|Perception:Proficient|Stealth:Proficient
Turtwig,Grass,6,7,6,5,6,3,"Grasslands, Forest",3,Small,1,"Herbivore, Phototroph",1,,Underdog,,Acrobatics:Inept|Focus:Mastered|Perception:Proficient|Nature Edu:Proficient
Grotle,Grass,8,9,9,6,7,4,"Grasslands, Forest",4,Medium,4,"Herbivore, Phototroph",2,,Underdog,,Acrobatics:Inept|Athletics:Proficient|Focus:Mastered|Perception:Proficient|Nature Edu:Proficient
Torterra,Grass|Ground,10,11,11,8,9,4,"Grasslands, Forest",7,Large,6,"Herbivore, Phototroph",3,,,Groundshaper,Acrobatics:Inept|Athletics:Proficient|Focus:Mastered|Perception:Proficient|Nature Edu:Proficient
Snivy,Grass,5,5,6,5,6,6,"Grasslands, Forest",2,Small,1,"Herbivore, Phototroph",1,,Underdog,,Acrobatics:Proficient|Athletics:Inept|Focus:Mastered|Perception:Proficient|Stealth:Proficient
Servine,Grass,6,6,8,6,8,8,"Grasslands, Forest",3,Small,2,"Herbivore, Phototroph",2,,Underdog,,Acrobatics:Proficient|Athletics:Inept|Focus:Mastered|Perception:Proficient|Stealth:Proficient
Serperior,Grass,8,8,10,8,10,11,"Grasslands, Forest",5,Large,4,"Herbivore, Phototroph",3,,,,Acrobatics:Proficient|Athletics:Inept|Focus:Mastered|Perception:Proficient|Stealth:Proficient
Chespin,Grass,6,6,7,5,5,4,"Grasslands, Forest",2,Small,1,Herbivore,1,,Underdog,,Athletics:Mastered|Combat:Proficient|Focus:Proficient
Quilladin,Grass,6,8,10,6,6,6,"Grasslands, Forest",3,Small,3,Herbivore,2,,Underdog,,Athletics:Mastered|Combat:Proficient|Focus:Proficient
Chesnaught,Grass|Fighting,9,11,12,7,8,6,"Grasslands, Forest",7,Medium,4,Herbivore,3,,,,Athletics:Mastered|Combat:Proficient|Focus:Proficient
Rowlet,Grass|Flying,7,6,6,5,5,4,"Grasslands, Forest",1,Small,1,Carnivore,1,Flier,Darkvision|Underdog,,Acrobatics:Proficient|Perception:Mastered|Stealth:Proficient
Dartrix,Grass|Flying,8,8,8,7,7,5,"Grasslands, Forest",2,Small,2,Carnivore,2,Flier,Darkvision|Underdog,,Acrobatics:Proficient|Perception:Mastered|Stealth:Proficient
Decidueye,Grass|Ghost,8,11,8,10,10,9,"Grasslands, Forest",4,Medium,3,Carnivore,3,Flier,Darkvision|Wielder (Ranged),Dead Silent,Acrobatics:Proficient|Athletics:Inept|Focus:Proficient|Perception:Mastered|Stealth:Proficient
Hisuian Decidueye,Grass|Fighting,8,11,9,10,8,10,"Grasslands, Mountain",7,Medium,3,Carnivore,3,Flier|Quick,,Aura Reader|Dead Silent,Acrobatics:Proficient|Focus:Proficient|Perception:Mastered
Grookey,Grass,5,7,5,4,4,7,Forest,2,Small,1,Herbivore,1,Climber|Jumper,Underdog,Pack Mon,Acrobatics:Proficient|Athletics:Proficient|Stealth:Proficient
Thwackey,Grass,7,9,7,6,6,7,Forest,3,Small,2,Herbivore,2,Climber|Jumper,Underdog,Pack Mon,Acrobatics:Proficient|Athletics:Proficient|Focus:Proficient
Rillaboom,Grass,10,13,9,6,7,9,Forest,8,Large,4,Herbivore,3,Climber|Jumper,,Pack Mon,Athletics:Mastered|Combat:Proficient|Focus:Proficient
Sprigatito,Grass,4,6,5,5,5,7,Grasslands,1,Small,1,Carnivore,1,,Underdog,Alluring,Acrobatics:Proficient|Guile:Proficient|Stealth:Proficient
Floragato,Grass,6,8,6,6,6,8,Grasslands,2,Small,2,Carnivore,2,,Reach|Underdog,Alluring,Acrobatics:Proficient|Guile:Proficient|Stealth:Proficient
Meowscarada,Grass|Dark,8,11,7,8,7,12,Grasslands,4,Medium,3,Carnivore,3,,,Alluring|Illusionist,Acrobatics:Proficient|Guile:Proficient|Stealth:Proficient
Charmander,Fire,4,5,4,6,5,7,Mountain,2,Small,1,Herbivore,1,,Underdog,Glow|Heater,Acrobatics:Proficient|Athletics:Mastered|Focus:Proficient
Charmeleon,Fire,6,6,6,8,7,8,Mountain,4,Medium,2,Carnivore,2,,Underdog,Glow|Heater,Athletics:Mastered|Combat:Proficient|Intimidate:Proficient
Charizard,Fire|Flying,8,8,8,11,9,10,Mountain,8,Medium,4,Carnivore,3,Flier,Mountable,Glow|Heater,Athletics:Mastered|Combat:Proficient|Focus:Proficient|Intimidate:Proficient|Stealth:Inept
Cyndaquil,Fire,4,5,4,6,5,7,"Cave, Grasslands",2,Small,1,Herbivore,1,,Underdog,Glow|Heater,Acrobatics:Mastered|Perception:Proficient|Stealth:Proficient
Quilava,Fire,6,6,6,8,7,8,"Cave, Grasslands",3,Small,2,Herbivore,2,,Underdog,Glow|Heater,Acrobatics:Mastered|Athletics:Proficient|Intuition:Inept|Perception:Proficient|Stealth:Proficient
Typhlosion,Fire,8,8,8,11,9,10,"Cave, Grasslands",6,Medium,4,Herbivore,3,,,Glow|Heater,Acrobatics:Mastered|Athletics:Proficient|Intuition:Inept|Perception:Proficient|Stealth:Proficient
Hisuian Typhlosion,Fire|Ghost,8,8,8,11,10,9,"Cave, Grasslands",6,Medium,4,Herbivore,3,,,Heater|Soul Seer|Tracker,Intuition:Mastered|Perception:Proficient|Stealth:Proficient
Torchic,Fire,5,6,4,7,5,5,Grasslands,1,Small,1,Herbivore,1,,Underdog,,Acrobatics:Mastered|Athletics:Inept|Combat:Inept
Combusken,Fire|Fighting,6,9,6,9,6,6,Grasslands,4,Small,2,Herbivore,2,Jumper|Quick,Underdog,,Acrobatics:Mastered|Athletics:Proficient|Combat:Proficient
Blaziken,Fire|Fighting,8,12,7,11,7,8,Grasslands,7,Medium,4,Omnivore,3,Jumper|Quick,,,Acrobatics:Mastered|Athletics:Proficient|Combat:Proficient
Chimchar,Fire,4,6,4,6,4,6,"Forest, Mountain",2,Small,1,Omnivore,1,Climber|Jumper,Underdog,Glow|Heater,Acrobatics:Mastered|Athletics:Proficient|Stealth:Proficient
Monferno,Fire|Fighting,6,8,5,8,5,8,"Forest, Mountain",5,Small,2,Omnivore,2,Climber|Jumper,Underdog,Glow|Heater,Acrobatics:Mastered|Athletics:Proficient|Combat:Proficient
Infernape,Fire|Fighting,8,10,7,10,7,10,"Forest, Mountain",8,Medium,4,Omnivore,3,Climber|Jumper,,Glow|Heater,Acrobatics:Mastered|Athletics:Proficient|Combat:Proficient
Tepig,Fire,7,6,5,5,5,5,Grasslands,2,Small,1,Herbivore,1,,Underdog,Heater|Tracker,Athletics:Mastered|Combat:Proficient|Focus:Proficient
Pignite,Fire|Fighting,9,9,6,7,6,6,Grasslands,4,Medium,4,Herbivore,2,,Underdog,Heater|Tracker,Athletics:Mastered|Combat:Proficient|Focus:Proficient
Emboar,Fire|Fighting,11,12,7,10,7,7,Grasslands,8,Medium,5,Omnivore,3,,,Heater|Tracker,Athletics:Mastered|Combat:Proficient|Focus:Proficient
Fennekin,Fire,4,5,4,6,6,6,Grasslands,2,Small,1,Herbivore,1,,Underdog,Tracker,Focus:Mastered|Intuition:Proficient|Perception:Proficient
Braixen,Fire,6,6,6,9,7,7,Grasslands,3,Medium,2,Herbivore,2,,Underdog|Wielder (Arcane),Tracker,Focus:Mastered|Intuition:Proficient|Perception:Proficient
Delphox,Fire|Psychic,8,7,7,11,10,10,Grasslands,4,Medium,3,Herbivore,3,,Telekinetic|Wielder (Arcane),Premonition|Tracker,Focus:Mastered|Intuition:Proficient|Perception:Proficient
Litten,Fire,5,7,4,6,4,7,"Forest, Urban",2,Small,1,Carnivore,1,Jumper,Underdog,Tracker,Acrobatics:Proficient|Athletics:Mastered|Combat:Proficient
Torracat,Fire,7,9,5,8,5,9,"Forest, Urban",6,Small,3,Carnivore,2,Jumper,Underdog,Tracker,Acrobatics:Proficient|Athletics:Mastered|Combat:Proficient
Incineroar,Fire|Dark,10,12,9,8,9,6,"Forest, Urban",10,Medium,4,Carnivore,3,Jumper,Darkvision,Tracker,Acrobatics:Proficient|Athletics:Mastered|Combat:Proficient
Scorbunny,Fire,5,7,4,6,4,7,Grasslands,2,Small,1,Herbivore,1,Jumper|Quick,Underdog,,Acrobatics:Mastered|Athletics:Proficient|Combat:Proficient|Focus:Inept|Perception:Proficient
Raboot,Fire,7,9,6,6,6,9,Grasslands,4,Small,1,Herbivore,2,Jumper|Quick,Underdog,,Acrobatics:Mastered|Athletics:Proficient|Combat:Proficient|Focus:Inept|Perception:Proficient
Cinderace,Fire,8,12,8,7,8,12,Grasslands,6,Medium,3,Herbivore,3,Jumper|Quick,,,Acrobatics:Mastered|Athletics:Proficient|Combat:Proficient|Focus:Inept|Perception:Proficient
Fuecoco,Fire,7,5,6,6,4,4,Mountain,2,Small,1,Omnivore,1,Swimmer,Underdog,,Athletics:Proficient|Intimidate:Inept|Perception:Proficient
Crocalor,Fire,8,6,8,9,6,5,Mountain,3,Medium,3,Carnivore,2,Swimmer,Underdog,Glow,Athletics:Proficient|Intimidate:Inept|Perception:Proficient
Skeledirge,Fire|Ghost,10,8,10,11,8,7,Mountain,8,Medium,6,Carnivore,3,Swimmer,Mountable,Glow,Athletics:Proficient|Combat:Proficient|Intimidate:Inept|Perception:Proficient
Squirtle,Water,4,5,7,5,6,4,Wetlands,2,Small,1,Herbivore,1,Swimmer,Underdog,,Athletics:Proficient|Combat:Proficient|Command:Proficient
Wartortle,Water,6,6,8,7,8,6,Wetlands,4,Medium,2,Herbivore,2,Swimmer,Underdog,,Athletics:Proficient|Combat:Proficient|Command:Proficient
Blastoise,Water,8,8,10,9,11,8,Wetlands,9,Medium,4,Herbivore,3,Swimmer,Mountable,,Acrobatics:Inept|Athletics:Proficient|Combat:Proficient|Focus:Proficient|Nature Edu:Proficient
Totodile,Water,5,7,6,4,5,4,Wetlands,2,Small,1,Carnivore,1,Swimmer,Underdog,,Athletics:Proficient|Charm:Proficient|Combat:Mastered|Focus:Inept|Stealth:Proficient
Croconaw,Water,7,8,8,6,6,6,Wetlands,5,Medium,2,Carnivore,2,Swimmer,Underdog,,Athletics:Proficient|Combat:Mastered|Focus:Inept|Intimidate:Proficient|Stealth:Proficient
Feraligatr,Water,9,11,10,8,8,8,Wetlands,8,Large,4,Carnivore,3,Quick|Swimmer,,,Athletics:Proficient|Combat:Mastered|Focus:Inept|Intimidate:Proficient|Stealth:Proficient
Mudkip,Water,5,7,5,5,5,4,Wetlands,2,Small,1,Herbivore,1,Swimmer,Underdog,Gilled,Acrobatics:Proficient|Stealth:Proficient
Marshtomp,Water|Ground,7,9,7,6,7,5,Wetlands,4,Small,3,Herbivore,2,Swimmer,Underdog,Gilled,Athletics:Mastered|Combat:Proficient|Focus:Proficient
Swampert,Water|Ground,10,11,9,9,9,6,Wetlands,7,Medium,4,Herbivore,3,Swimmer,,Gilled,Athletics:Mastered|Combat:Proficient|Focus:Proficient
Piplup,Water,5,5,5,6,6,4,"Ocean, Tundra",2,Small,1,Herbivore,1,Swimmer,Underdog,,Acrobatics:Proficient|Athletics:Proficient|Focus:Proficient
Prinplup,Water,6,7,7,8,8,5,"Ocean, Tundra",3,Small,2,Herbivore,2,Swimmer,Underdog,,Acrobatics:Proficient|Athletics:Proficient|Focus:Proficient
Empoleon,Water|Steel,8,9,9,11,10,6,"Ocean, Tundra",7,Medium,4,Omnivore,3,Quick|Swimmer,,,Acrobatics:Proficient|Athletics:Proficient|Command:Proficient|Focus:Proficient
Oshawott,Water,6,6,5,6,5,5,Ocean,2,Small,1,Herbivore,1,Swimmer,"Underdog|Wielder (Martial, Melee)",,Athletics:Proficient|Combat:Proficient|Intuition:Proficient
Dewott,Water,8,8,6,8,6,6,Ocean,3,Small,2,Herbivore,2,Swimmer,"Underdog|Wielder (Martial, Melee)",,Athletics:Proficient|Combat:Mastered|Focus:Proficient|Guile:Inept|Intuition:Proficient
Samurott,Water,10,10,9,11,7,7,Ocean,7,Medium,4,Herbivore,3,Swimmer,"Wielder (Martial, Melee)",,Athletics:Proficient|Combat:Mastered|Focus:Proficient|Guile:Inept|Intuition:Proficient
Hisuian Samurott,Water|Dark,10,11,8,10,7,8,Ocean,7,Medium,4,Herbivore,3,Swimmer,"Wielder (Martial, Melee)",,Athletics:Proficient|Combat:Mastered|Focus:Proficient
Froakie,Water,4,6,4,6,4,7,Wetlands,2,Small,1,Herbivore,1,Climber|Jumper|Swimmer,Underdog,Gilled,Acrobatics:Proficient|Focus:Proficient|Stealth:Proficient
Frogadier,Water,5,6,5,8,6,10,Wetlands,2,Small,1,Herbivore,2,Climber|Jumper|Swimmer,Underdog,Gilled,Acrobatics:Proficient|Focus:Proficient|Stealth:Proficient
Greninja,Water|Dark,7,10,7,10,7,12,Wetlands,3,Medium,3,Herbivore,3,Climber|Jumper|Swimmer,Wielder (Martial),Dead Silent|Gilled,Acrobatics:Mastered|Focus:Proficient|Stealth:Proficient
Popplio,Water,5,5,5,7,6,4,Ocean,1,Small,1,Herbivore,1,Swimmer,Underdog,,Acrobatics:Proficient|Charm:Proficient|Focus:Proficient
Brionne,Water,6,7,7,9,8,5,Ocean,3,Small,2,Herbivore,2,Swimmer,Underdog,,Acrobatics:Proficient|Charm:Proficient|Focus:Proficient
Primarina,Water|Fairy,8,7,7,13,12,6,Ocean,5,Medium,3,Herbivore,3,Swimmer,,Alluring,Acrobatics:Proficient|Charm:Proficient|Focus:Proficient
Sobble,Water,5,4,4,7,4,7,Wetlands,2,Small,1,Omnivore,1,Climber|Jumper|Swimmer,Blender|Underdog,Gilled,Acrobatics:Proficient|Athletics:Inept|Focus:Proficient|Perception:Mastered|Stealth:Proficient
Drizzile,Water,7,6,6,10,6,9,Wetlands,4,Small,2,Omnivore,2,Climber|Jumper|Swimmer,Blender|Underdog,Gilled,Acrobatics:Proficient|Athletics:Inept|Focus:Proficient|Perception:Mastered|Stealth:Proficient
Inteleon,Water,7,9,7,13,7,12,Wetlands,5,Medium,3,Omnivore,3,Climber|Glider|Jumper|Swimmer,Blender,Gilled|Thermal Vision,Acrobatics:Proficient|Athletics:Inept|Focus:Proficient|Perception:Mastered|Stealth:Proficient
Quaxly,Water,6,7,5,5,5,5,Wetlands,1,Small,1,Carnivore,1,Swimmer,Underdog,Fountain|Guster,Acrobatics:Mastered|Combat:Proficient|Command:Proficient
Quaxwell,Water,7,9,7,7,6,7,Wetlands,2,Medium,2,Omnivore,2,Swimmer,Underdog,Fountain|Guster,Acrobatics:Mastered|Combat:Proficient|Command:Proficient
Quaquaval,Water|Fighting,9,12,8,9,8,9,Wetlands,4,Medium,4,Omnivore,3,Swimmer,,,Acrobatics:Mastered|Combat:Proficient|Command:Proficient
Caterpie,Bug,5,3,4,2,2,5,"Forest, Grasslands",1,Small,1,Herbivore,1,Climber|Slow,Threaded|Underdog,,Acrobatics:Inept|Athletics:Inept|Combat:Inept|Focus:Proficient|Perception:Proficient|Stealth:Proficient
Metapod,Bug,5,2,6,3,3,3,"Forest, Grasslands",1,Small,1,Nullivore,2,Slow,Threaded|Underdog,,Acrobatics:Inept|Athletics:Inept|Combat:Inept|Focus:Proficient|Perception:Proficient|Stealth:Proficient
Butterfree,Bug|Flying,6,5,5,9,8,7,"Forest, Grasslands",2,Medium,3,Herbivore,3,Flier,Threaded|Underdog,,Acrobatics:Proficient|Athletics:Inept|Combat:Inept|Focus:Proficient|Perception:Mastered
Weedle,Bug|Poison,4,4,3,2,2,5,"Forest, Grasslands",1,Small,1,Herbivore,1,Climber|Slow,Threaded|Underdog,,Acrobatics:Inept|Athletics:Inept|Combat:Inept|Focus:Proficient|Perception:Proficient|Stealth:Proficient
Kakuna,Bug|Poison,5,3,5,3,3,4,"Forest, Grasslands",1,Small,1,Nullivore,2,Slow,Threaded|Underdog,,Acrobatics:Inept|Athletics:Inept|Combat:Inept|Focus:Proficient|Perception:Proficient|Stealth:Proficient
Beedrill,Bug|Poison,7,9,4,5,8,8,"Forest, Grasslands",4,Medium,3,Herbivore,3,Flier|Quick,Threaded|Underdog,,Acrobatics:Mastered|Combat:Proficient|Stealth:Proficient
Wurmple,Bug,5,5,4,2,3,2,"Forest, Grasslands",1,Small,1,Herbivore,1,Climber|Slow,Threaded|Underdog,,Acrobatics:Inept|Athletics:Inept|Combat:Inept|Focus:Proficient|Perception:Proficient|Stealth:Proficient
Silcoon,Bug,5,4,6,3,3,2,"Forest, Grasslands",1,Small,1,Nullivore,2,Slow,Threaded|Underdog,,Acrobatics:Inept|Athletics:Inept|Combat:Inept|Focus:Proficient|Perception:Proficient|Stealth:Proficient
Beautifly,Bug|Flying,6,7,5,10,5,7,"Forest, Grasslands",3,Medium,3,Herbivore,3,Flier,Threaded|Underdog,,Charm:Proficient|Combat:Inept|Focus:Proficient|Perception:Mastered|Nature Edu:Proficient
Cascoon,Bug,5,4,6,3,3,2,"Forest, Grasslands",1,Small,1,Nullivore,2,Slow,Threaded|Underdog,,Acrobatics:Inept|Athletics:Inept|Combat:Inept|Focus:Proficient|Perception:Proficient|Stealth:Proficient
Dustox,Bug|Poison,6,5,7,5,9,7,"Forest, Grasslands",2,Medium,3,Herbivore,3,Flier,Threaded|Underdog,,Combat:Inept|Focus:Proficient|Perception:Mastered|Nature Edu:Proficient
Sewaddle,Bug|Grass,5,5,7,4,6,4,"Forest, Grasslands",1,Small,1,Herbivore,1,Climber|Slow,Threaded|Underdog,,Acrobatics:Inept|Focus:Proficient|Stealth:Proficient
Swadloon,Bug|Grass,6,6,9,5,8,4,"Forest, Grasslands",2,Small,1,Herbivore,2,Slow,Threaded|Underdog,,Acrobatics:Inept|Focus:Proficient|Stealth:Proficient
Leavanny,Bug|Grass,8,11,8,7,8,9,"Forest, Grasslands",3,Medium,2,Herbivore,3,,Threaded,,Acrobatics:Proficient|Focus:Proficient|Stealth:Proficient
Venipede,Bug|Poison,4,5,8,3,4,6,"Forest, Grasslands",1,Small,1,Herbivore,1,Climber,Underdog,,Acrobatics:Proficient|Combat:Proficient|Stealth:Proficient
Whirlipede,Bug|Poison,4,6,10,4,8,5,"Forest, Grasslands",3,Medium,4,Herbivore,2,,Underdog,,Acrobatics:Proficient|Combat:Proficient|Stealth:Proficient
Scolipede,Bug|Poison,7,10,10,6,7,11,"Forest, Grasslands",6,Large,6,Herbivore,3,Climber,Mountable,,Acrobatics:Proficient|Combat:Proficient|Stealth:Proficient
Scatterbug,Bug,4,4,4,3,3,4,"Forest, Grasslands",1,Small,1,Herbivore,1,Climber|Slow,Threaded|Underdog,,Acrobatics:Inept|Athletics:Inept|Combat:Inept|Focus:Proficient|Perception:Proficient|Stealth:Proficient
Spewpa,Bug,5,2,6,3,3,3,"Forest, Grasslands",1,Small,1,Herbivore,2,Climber|Slow,Threaded|Underdog,,Acrobatics:Inept|Athletics:Inept|Combat:Inept|Focus:Proficient|Perception:Proficient|Stealth:Proficient
Vivillon,Bug|Flying,8,5,5,9,5,9,"Forest, Grasslands",1,Medium,2,Herbivore,3,Climber|Flier,Threaded|Underdog,,Acrobatics:Proficient|Focus:Proficient|Perception:Proficient
Grubbin,Bug,5,6,5,6,6,5,Forest,1,Small,1,Herbivore,1,Climber,Threaded|Underdog,,Acrobatics:Inept|Focus:Proficient|Stealth:Proficient|Nature Edu:Proficient
Charjabug,Bug|Electric,6,8,10,6,8,4,Forest,1,Small,1,Herbivore,2,Climber,Threaded|Underdog,,Acrobatics:Inept|Focus:Proficient|Stealth:Proficient|Nature Edu:Proficient
Vikavolt,Bug|Electric,8,7,9,15,8,4,Forest,4,Medium,3,Herbivore,3,Burrower|Flier,Threaded,,Acrobatics:Mastered|Combat:Proficient|Focus:Proficient
Blipbug,Bug,3,2,2,3,5,5,"Forest, Grasslands",1,Small,1,Herbivore,1,Climber|Slow,Threaded|Underdog,,Acrobatics:Inept|Athletics:Inept|Combat:Inept|Intuition:Proficient|Perception:Proficient|Stealth:Proficient
Dottler,Bug|Psychic,5,4,8,5,9,3,"Forest, Grasslands",1,Small,2,Nullivore,2,Climber|Slow,Threaded|Underdog,Glow,Acrobatics:Inept|Athletics:Inept|Combat:Inept|Intuition:Proficient|Perception:Proficient|Stealth:Proficient
Orbeetle,Bug|Psychic,6,5,11,8,12,9,"Forest, Grasslands",3,Small,3,Nullivore,3,Climber|Flier,Telekinetic|Threaded,Glow|Telepath,Focus:Mastered|Intuition:Proficient|Perception:Proficient
Deino,Dark|Dragon,5,7,5,5,5,4,Cave,3,Small,2,Carnivore,1,,Blindsense|Underdog,Mindlock,Athletics:Proficient|Perception:Inept|Stealth:Proficient
Zweilous,Dark|Dragon,7,9,7,7,7,6,Cave,7,Medium,4,Carnivore,2,,Blindsense|Underdog,Mindlock,Athletics:Proficient|Combat:Proficient|Perception:Proficient
Hydreigon,Dark|Dragon,9,11,9,13,9,10,Cave,6,Medium,5,Carnivore,3,Flier,Blindsense|Mountable,Mindlock,Athletics:Proficient|Combat:Proficient|Perception:Mastered
Pawniard,Dark|Steel,5,9,7,4,4,6,Urban,2,Small,1,Omnivore,1,Quick,Underdog,Pack Mon|Tracker,Combat:Mastered|Perception:Proficient|Stealth:Proficient
Bisharp,Dark|Steel,7,13,11,6,7,7,Urban,7,Medium,4,Omnivore,2,Quick,,Pack Mon|Tracker,Combat:Mastered|Perception:Proficient|Stealth:Proficient
Kingambit,Dark|Steel,11,14,14,6,8,5,Urban,10,Medium,4,Omnivore,3,Quick,,Pack Mon|Tracker,Combat:Proficient|Command:Mastered|Perception:Proficient|Stealth:Proficient
Impidimp,Dark|Fairy,5,6,3,7,4,5,Forest,1,Small,1,Nullivore,1,,Darkvision|Underdog,,Guile:Proficient|Stealth:Proficient
Morgrem,Dark|Fairy,7,6,5,8,6,7,Forest,3,Small,2,Nullivore,2,,Darkvision|Underdog,,Athletics:Mastered|Guile:Proficient|Stealth:Proficient
Grimmsnarl,Dark|Fairy,12,12,7,10,8,7,Forest,8,Medium,4,Nullivore,3,,Darkvision,,Athletics:Mastered|Guile:Proficient|Stealth:Proficient
Dratini,Dragon,4,6,5,5,5,5,"Mountain, Ocean",1,Medium,1,Omnivore,1,Swimmer,Underdog,Gilled,Acrobatics:Mastered|Athletics:Proficient|Nature Edu:Proficient
Dragonair,Dragon,6,8,7,7,7,7,"Mountain, Ocean",3,Large,2,Omnivore,2,Flier|Swimmer,Mountable|Underdog,Aura Reader|Gilled,Acrobatics:Mastered|Athletics:Proficient|Nature Edu:Proficient
Dragonite,Dragon|Flying,9,13,10,10,10,8,Mountain,8,Large,6,Omnivore,3,Flier|Swimmer,Mountable,Aura Reader,Acrobatics:Mastered|Athletics:Proficient|Nature Edu:Proficient
Bagon,Dragon,5,8,6,4,3,5,"Cave, Mountain",4,Small,3,Carnivore,1,,Underdog,,Athletics:Proficient|Focus:Proficient|Intimidate:Proficient
Shelgon,Dragon,7,10,10,6,5,5,"Cave, Mountain",6,Medium,5,Nullivore,2,,Underdog,,Athletics:Proficient|Focus:Proficient|Intimidate:Proficient
Salamence,Dragon|Flying,10,14,8,11,8,10,"Cave, Mountain",6,Medium,5,Carnivore,3,Flier|Quick,Mountable,,Athletics:Mastered|Focus:Proficient|Intimidate:Proficient
Gible,Dragon|Ground,6,7,5,4,5,4,"Cave, Mountain",3,Small,2,Carnivore,1,Burrower,Underdog,,Athletics:Proficient|Combat:Mastered|Intimidate:Proficient|Intuition:Inept|Perception:Proficient
Gabite,Dragon|Ground,7,9,7,5,6,8,"Cave, Mountain",4,Medium,4,Carnivore,2,Burrower,Underdog,,Athletics:Proficient|Combat:Mastered|Intimidate:Proficient|Intuition:Inept|Perception:Proficient
Garchomp,Dragon|Ground,11,13,10,8,9,10,"Cave, Mountain",6,Large,4,Carnivore,3,Burrower|Flier|Jumper|Quick,Mountable,,Athletics:Proficient|Combat:Mastered|Intimidate:Proficient|Intuition:Inept|Perception:Proficient
Axew,Dragon,5,9,6,3,4,6,"Cave, Mountain",3,Small,2,Omnivore,1,,Underdog,,Athletics:Proficient|Combat:Proficient|Intimidate:Proficient
Fraxure,Dragon,7,12,7,4,5,7,"Cave, Mountain",4,Medium,3,Omnivore,2,,Underdog,,Athletics:Proficient|Combat:Mastered|Intimidate:Proficient
Haxorus,Dragon,8,15,9,6,7,10,"Cave, Mountain",8,Medium,5,Omnivore,3,,,,Athletics:Proficient|Combat:Mastered|Intimidate:Proficient
Goomy,Dragon,5,5,4,6,8,4,"Mountain, Wetlands",1,Small,1,Omnivore,1,Climber|Grounded|Slow,Underdog,Amorphous,Acrobatics:Inept|Focus:Proficient|Stealth:Proficient
Sliggoo,Dragon,7,8,5,8,11,6,"Mountain, Wetlands",2,Small,2,Omnivore,2,Climber|Grounded|Slow,Blindsense|Underdog,Amorphous|Repulsive,Acrobatics:Inept|Focus:Proficient|Stealth:Proficient
Goodra,Dragon,9,10,7,11,15,8,"Mountain, Wetlands",8,Large,5,Omnivore,3,Climber,,Amorphous|Repulsive,Athletics:Proficient|Focus:Proficient|Stealth:Proficient
Hisuian Sliggoo,Dragon|Steel,6,8,11,8,8,4,Mountain,2,Small,4,Omnivore,2,Grounded|Slow,Underdog,Amorphous|Repulsive,Acrobatics:Inept|Focus:Proficient|Stealth:Proficient
Hisuian Goodra,Dragon|Steel,8,10,15,11,10,6,Mountain,8,Large,6,Omnivore,3,Grounded|Slow,,Amorphous|Repulsive,Acrobatics:Inept|Athletics:Proficient|Focus:Proficient|Stealth:Proficient
Jangmo-o,Dragon,5,6,7,5,5,5,Mountain,3,Small,3,Carnivore,1,,Underdog,,Athletics:Proficient|Combat:Mastered|Focus:Proficient|Stealth:Inept
Hakamo-o,Dragon|Fighting,6,8,9,7,7,7,Mountain,6,Medium,3,Carnivore,2,,Underdog,,Athletics:Proficient|Combat:Mastered|Focus:Proficient|Stealth:Inept
Kommo-o,Dragon|Fighting,8,11,13,10,11,9,Mountain,9,Medium,4,Carnivore,3,,,,Athletics:Proficient|Combat:Mastered|Focus:Proficient|Stealth:Inept
Dreepy,Dragon|Ghost,3,7,3,5,3,9,Cave,1,Small,1,Nullivore,1,Flier|Phaser,Darkvision|Invisibility|Underdog,Dead Silent,Acrobatics:Proficient|Perception:Proficient|Stealth:Proficient
Drakloak,Dragon|Ghost,7,8,5,6,5,10,Cave,3,Medium,2,Nullivore,2,Flier|Phaser,Darkvision|Invisibility|Underdog,Dead Silent,Acrobatics:Proficient|Perception:Proficient|Stealth:Proficient
Dragapult,Dragon|Ghost,9,12,8,10,8,14,Cave,6,Huge,4,Nullivore,3,Flier|Phaser,Darkvision|Invisibility,Dead Silent,Acrobatics:Proficient|Perception:Proficient|Stealth:Proficient
Frigibax,Dragon|Ice,7,8,5,4,5,6,"Cave, Tundra",3,Small,2,Carnivore,1,,Underdog,Chilled,Athletics:Proficient|Combat:Mastered|Nature Edu:Proficient
Arctibax,Dragon|Ice,9,10,7,5,7,6,"Cave, Tundra",8,Small,3,Carnivore,2,,Underdog,Chilled,Athletics:Proficient|Combat:Mastered|Nature Edu:Proficient
Baxcalibur,Dragon|Ice,12,15,9,8,9,9,"Cave, Tundra",11,Large,6,Carnivore,3,,,Chilled,Athletics:Proficient|Combat:Mastered|Nature Edu:Proficient
Pichu,Electric,2,4,2,4,4,6,"Forest, Urban",1,Small,1,Herbivore,1,Jumper,Underdog,,Acrobatics:Proficient|Combat:Inept|Focus:Proficient
Pikachu,Electric,4,6,4,5,5,9,"Forest, Urban",2,Small,1,Herbivore,2,Quick|Jumper,Underdog,,Acrobatics:Proficient|Focus:Proficient
Raichu,Electric,8,12,6,12,8,11,"Forest, Urban",4,Small,3,Herbivore,3,,,,Acrobatics:Proficient|Athletics:Proficient|Focus:Proficient
Alolan Raichu,Electric|Psychic,6,9,5,10,10,11,"Forest, Urban",4,Small,2,Herbivore,3,Flier,Telekinetic,,Acrobatics:Proficient|Charm:Proficient|Focus:Mastered
Magnemite,Electric|Steel,3,4,7,10,6,5,Urban,2,Small,1,Ergovore,1,Flier,Underdog,Breathless|Dead Silent|Magnetic,Focus:Proficient|Perception:Proficient
Magneton,Electric|Steel,5,6,10,12,7,5,Urban,4,Medium,4,Ergovore,2,Flier,Underdog,Breathless|Dead Silent|Magnetic,Focus:Proficient|Perception:Proficient
Magnezone,Electric|Steel,7,7,12,13,9,6,Urban,6,Medium,5,Ergovore,3,Flier,Mountable,Breathless|Dead Silent|Magnetic,Focus:Proficient|Perception:Proficient
Elekid,Electric,5,8,4,7,6,8,Urban,3,Small,2,Omnivore,1,,Underdog,,Athletics:Proficient|Combat:Proficient|Focus:Mastered
Electabuzz,Electric,7,8,6,10,9,11,Urban,5,Medium,3,Omnivore,2,,,,Athletics:Proficient|Combat:Proficient|Focus:Mastered
Electivire,Electric,8,12,7,10,9,10,Urban,7,Medium,5,Omnivore,3,,,,Athletics:Proficient|Combat:Proficient|Focus:Mastered
Mareep,Electric,6,4,4,7,5,4,Grasslands,1,Small,1,Herbivore,1,,Underdog,Glow,Focus:Proficient
Flaaffy,Electric,7,6,6,8,6,5,Grasslands,3,Small,2,Herbivore,2,,Underdog,Glow,Athletics:Proficient|Focus:Proficient
Ampharos,Electric,9,8,9,12,9,6,Grasslands,5,Medium,4,Herbivore,3,,,Glow,Athletics:Proficient|Focus:Proficient
Shinx,Electric,6,7,4,4,4,5,Grasslands,2,Small,1,Carnivore,1,,Underdog,Pack Mon|Tracker,Command:Proficient|Perception:Mastered|Stealth:Proficient
Luxio,Electric,6,9,5,6,5,6,Grasslands,4,Medium,3,Carnivore,2,Jumper|Quick,Underdog,Pack Mon|Tracker,Command:Proficient|Perception:Mastered|Stealth:Proficient
Luxray,Electric,8,12,8,10,8,7,Grasslands,5,Medium,3,Carnivore,3,Jumper|Quick,Mountable,Pack Mon|Tracker|X-Ray Vision,Command:Proficient|Perception:Mastered|Stealth:Proficient
Tynamo,Electric,5,6,4,5,4,6,Cave,1,Small,1,Ergovore,1,Flier|Swimmer,Underdog,Gilled|Glow,Acrobatics:Proficient|Combat:Inept|Focus:Proficient
Eelektrik,Electric,7,9,7,8,7,4,Cave,4,Medium,2,Ergovore,2,Flier|Swimmer,Underdog,Gilled|Glow,Acrobatics:Proficient|Focus:Proficient
Eelektross,Electric,9,12,9,12,9,6,Cave,6,Large,4,Ergovore,3,Flier|Swimmer,Mountable,Gilled|Glow,Acrobatics:Proficient|Athletics:Proficient|Focus:Proficient
Pawmi,Electric,5,5,2,4,3,6,Grasslands,2,Small,1,Omnivore,1,,Underdog,,Athletics:Proficient|Charm:Proficient|Combat:Proficient
Pawmo,Electric|Fighting,6,8,4,5,4,9,Grasslands,3,Small,1,Omnivore,2,,Underdog,,Athletics:Proficient|Charm:Proficient|Combat:Proficient
Pawmot,Electric|Fighting,7,12,7,7,7,11,Grasslands,5,Small,3,Omnivore,3,,,Aura Reader,Athletics:Proficient|Charm:Proficient|Combat:Proficient
Cleffa,Fairy,5,3,3,5,6,2,"Cave, Space",1,Small,1,Herbivore,1,Slow,Underdog,,Athletics:Inept|Combat:Inept|Focus:Mastered|Perception:Proficient|Occult Edu:Proficient
Clefairy,Fairy,7,5,5,6,7,4,"Cave, Space",2,Small,1,Herbivore,2,,Underdog,,Focus:Mastered|Perception:Proficient|Occult Edu:Proficient
Clefable,Fairy,10,7,7,11,10,6,"Cave, Space",4,Medium,3,Herbivore,3,,,,Focus:Mastered|Perception:Proficient|Occult Edu:Proficient
Togepi,Fairy,4,2,7,4,7,2,Urban,1,Small,1,Herbivore,1,Slow,Underdog,,Charm:Proficient|Combat:Inept|Focus:Proficient|Intuition:Proficient
Togetic,Fairy|Flying,6,4,9,8,11,4,Urban,3,Small,1,Herbivore,2,Flier,Underdog,,Charm:Proficient|Focus:Proficient|Intuition:Proficient
Togekiss,Fairy|Flying,9,5,10,12,12,8,Urban,6,Medium,3,Herbivore,3,Flier,,,Charm:Proficient|Focus:Proficient|Intuition:Proficient
Flabebe,Fairy,4,4,4,6,8,4,Grasslands,1,Small,1,Herbivore,1,Flier,Underdog,Alluring,Acrobatics:Proficient|Athletics:Inept|Intuition:Proficient|Perception:Proficient
Floette,Fairy,5,5,5,8,10,5,Grasslands,1,Small,1,Herbivore,2,Flier,Underdog,Alluring,Acrobatics:Proficient|Athletics:Inept|Intuition:Proficient|Perception:Proficient
Florges,Fairy,8,7,7,11,15,8,Grasslands,2,Small,1,Herbivore,3,Flier,,Alluring,Acrobatics:Proficient|Intuition:Proficient|Perception:Proficient
Tinkatink,Fairy|Steel,5,6,5,4,6,5,Urban,5,Small,1,Herbivore,1,,"Wielder (Melee, Small)|Underdog",,Charm:Proficient|Combat:Proficient
Tinkatuff,Fairy|Steel,7,8,6,5,8,6,Urban,5,Small,4,Herbivore,2,,Wielder (Melee)|Underdog,,Charm:Proficient|Combat:Proficient
Tinkaton,Fairy|Steel,9,11,8,6,11,7,Urban,11,Small,5,Herbivore,3,,Reach|Wielder (Melee),,Charm:Proficient|Combat:Proficient
Machop,Fighting,7,8,5,4,4,4,Urban,5,Small,2,Omnivore,1,,Underdog,,Athletics:Mastered|Combat:Mastered|Intuition:Inept
Machoke,Fighting,8,10,7,5,6,5,Urban,8,Medium,4,Omnivore,2,,Underdog,,Athletics:Mastered|Combat:Mastered|Intuition:Inept
Machamp,Fighting,9,13,8,7,9,6,Urban,10,Medium,5,Omnivore,3,,,,Athletics:Mastered|Combat:Mastered|Intuition:Inept
Timburr,Fighting,8,8,6,3,4,4,Urban,4,Small,2,Omnivore,1,,Wielder (Melee)|Underdog,,Athletics:Mastered|Combat:Proficient|Focus:Proficient
Gurdurr,Fighting,9,11,9,4,5,4,Urban,8,Medium,3,Omnivore,2,,Wielder (Melee)|Underdog,,Athletics:Mastered|Combat:Proficient|Focus:Proficient
Conkeldurr,Fighting,11,14,10,6,7,5,Urban,12,Medium,4,Omnivore,3,,Wielder (Melee),,Athletics:Mastered|Combat:Proficient|Focus:Proficient
Magby,Fire,5,8,4,7,6,8,Cave,3,Small,2,Herbivore,1,,Underdog,Heater,Focus:Proficient|Perception:Proficient
Magmar,Fire,7,10,6,10,9,10,Cave,5,Medium,3,Omnivore,2,,Underdog,Glow|Heater,Focus:Proficient|Perception:Proficient
Magmortar,Fire,8,10,7,13,10,8,Cave,6,Medium,4,Omnivore,3,,,Glow|Heater,Focus:Proficient|Perception:Proficient
Fletchling,Normal|Flying,5,6,4,4,5,6,Grasslands,1,Small,1,Carnivore,1,Flier,Underdog,,Acrobatics:Mastered|Combat:Proficient|Perception:Proficient
Fletchinder,Fire|Flying,6,7,6,6,5,8,Grasslands,2,Small,2,Carnivore,2,Flier|Quick,Underdog,Heater,Acrobatics:Mastered|Combat:Proficient|Perception:Proficient
Talonflame,Fire|Flying,8,9,7,7,7,13,Grasslands,4,Medium,2,Carnivore,3,Flier|Quick,Mountable,Heater,Acrobatics:Mastered|Combat:Proficient|Perception:Proficient
Rookidee,Flying,5,6,5,3,5,6,Grasslands,1,Small,1,Omnivore,1,Flier,Underdog,,Acrobatics:Proficient|Combat:Proficient|Focus:Proficient
Corvisquire,Flying,7,7,6,4,6,8,Grasslands,3,Small,2,Omnivore,2,Flier,Underdog,,Acrobatics:Proficient|Combat:Proficient|Focus:Proficient
Corviknight,Flying|Steel,10,9,11,5,9,7,Grasslands,7,Large,4,Omnivore,3,Flier|Quick,Mountable,,Acrobatics:Proficient|Combat:Proficient|Focus:Proficient
Gastly,Ghost|Poison,3,4,3,10,4,8,Urban,1,Medium,1,Nullivore,1,Flier|Phaser,Darkvision|Invisibility|Underdog,Dead Silent,Athletics:Inept|Guile:Proficient|Perception:Proficient|Stealth:Mastered
Haunter,Ghost|Poison,5,5,5,12,6,10,Urban,3,Medium,1,Nullivore,2,Flier|Phaser,Darkvision|Invisibility|Underdog,Dead Silent,Guile:Proficient|Perception:Proficient|Stealth:Mastered
Gengar,Ghost|Poison,6,7,6,13,8,11,Urban,4,Medium,3,Nullivore,3,Flier|Phaser,Darkvision|Invisibility|Shadow Meld,Dead Silent,Guile:Proficient|Perception:Proficient|Stealth:Mastered
Duskull,Ghost,2,4,9,3,9,3,"Forest, Urban",1,Small,2,Nullivore,1,Flier|Phaser,Darkvision|Invisibility|Underdog,Dead Silent,Combat:Proficient|Intuition:Proficient|Stealth:Proficient
Dusclops,Ghost,4,7,13,5,13,3,"Forest, Urban",3,Medium,3,Nullivore,2,Flier|Phaser,Darkvision|Invisibility|Underdog,Dead Silent,Combat:Proficient|Intuition:Proficient|Stealth:Proficient
Dusknoir,Ghost,5,10,14,7,14,5,"Forest, Urban",5,Large,5,Nullivore,3,Flier|Phaser,Darkvision|Invisibility,Dead Silent|Soul Seer,Combat:Proficient|Intuition:Proficient|Stealth:Proficient
Litwick,Ghost|Fire,5,3,6,7,6,3,"Forest, Urban",1,Small,1,Nullivore,1,Flier|Phaser,Darkvision|Invisibility|Underdog,Dead Silent|Glow|Heater,Athletics:Inept|Focus:Proficient|Perception:Proficient
Lampent,Ghost|Fire,6,4,6,10,6,6,"Forest, Urban",2,Small,2,Nullivore,2,Flier|Phaser,Darkvision|Invisibility|Underdog,Dead Silent|Glow|Heater,Focus:Proficient|Perception:Proficient
Chandelure,Ghost|Fire,6,6,9,15,9,8,"Forest, Urban",3,Medium,3,Nullivore,3,Flier|Phaser,Darkvision|Invisibility,Dead Silent|Glow|Heater,Focus:Proficient|Perception:Proficient
Gimmighoul (Roaming),Ghost,1,2,1,5,1,20,"Cave, Urban",1,Small,1,Nullivore,1,Phaser|Quick,Invisibility|Underdog,Breathless|Dead Silent,Acrobatics:Inept|Athletics:Inept|Combat:Inept|Guile:Proficient|Perception:Proficient|Stealth:Mastered
Gimmighoul (Chest),Ghost,6,3,10,10,10,1,"Cave, Urban",1,Small,1,Nullivore,2,,Underdog,Breathless,Acrobatics:Inept|Guile:Proficient|Perception:Proficient
Gholdengo,Ghost|Steel,12,6,10,15,9,8,"Cave, Urban",5,Medium,3,Nullivore,3,Flier|Phaser,Invisibility,Breathless|Dead Silent,Combat:Inept|Guile:Proficient|Perception:Proficient|Nature Edu:Mastered
Oddish,Grass|Poison,5,5,6,8,7,3,"Forest, Grasslands",1,Small,1,Phototroph,1,,Underdog,,Focus:Proficient|Stealth:Proficient|Nature Edu:Proficient
Gloom,Grass|Poison,6,7,7,9,8,4,"Forest, Grasslands",2,Small,1,Phototroph,2,,Underdog,Repulsive,Focus:Proficient|Nature Edu:Proficient
Vileplume,Grass|Poison,9,8,9,11,9,5,"Forest, Grasslands",2,Medium,2,Phototroph,3,,,Repulsive,Focus:Proficient|Nature Edu:Proficient
Bellossom,Grass,8,8,10,10,10,5,"Forest, Grasslands",2,Small,1,Phototroph,3,,,Alluring,Acrobatics:Proficient|Charm:Proficient|Focus:Proficient
Bellsprout,Grass|Poison,5,8,4,7,3,4,"Forest, Grasslands",1,Small,1,Phototroph,1,,Underdog,,Acrobatics:Proficient|Nature Edu:Proficient
Weepinbell,Grass|Poison,7,9,5,9,5,6,"Forest, Grasslands",2,Medium,1,Phototroph,2,,Underdog,,Acrobatics:Proficient|Athletics:Proficient|Nature Edu:Proficient
Victreebel,Grass|Poison,8,11,7,11,7,7,"Forest, Grasslands",4,Medium,2,Phototroph,3,,,,Acrobatics:Proficient|Athletics:Proficient|Nature Edu:Proficient
Hoppip,Grass|Flying,6,4,4,4,7,5,"Forest, Grasslands",1,Small,1,Phototroph,1,Flier,Underdog,,Acrobatics:Proficient|Focus:Proficient|Stealth:Proficient
Skiploom,Grass|Flying,7,5,5,5,9,7,"Forest, Grasslands",2,Small,1,Phototroph,2,Flier,Underdog,,Acrobatics:Proficient|Focus:Proficient|Stealth:Proficient
Jumpluff,Grass|Flying,8,6,8,6,11,12,"Forest, Grasslands",2,Small,1,Phototroph,3,Flier,,,Acrobatics:Proficient|Focus:Proficient|Stealth:Proficient
Seedot,Grass,5,5,9,4,4,3,Forest,1,Small,1,Herbivore,1,Slow,Underdog,,Acrobatics:Inept|Perception:Proficient|Stealth:Proficient
Nuzleaf,Grass|Dark,8,9,4,7,4,6,Forest,4,Medium,2,Herbivore,2,,Darkvision|Underdog,,Perception:Proficient|Stealth:Mastered|Nature Edu:Proficient
Shiftry,Grass|Dark,10,11,6,9,6,9,Forest,5,Medium,4,Herbivore,3,,Darkvision,Mindlock|Telepath,Perception:Proficient|Stealth:Mastered|Nature Edu:Proficient
Budew,Grass|Poison,4,3,4,6,7,6,"Forest, Grasslands",1,Small,1,Phototroph,1,,Underdog,,Acrobatics:Proficient|Athletics:Inept|Charm:Proficient|Combat:Inept|Focus:Proficient
Roselia,Grass|Poison,5,6,5,10,8,7,"Forest, Grasslands",2,Small,1,Phototroph,2,,Underdog,Alluring,Acrobatics:Proficient|Athletics:Inept|Charm:Proficient|Combat:Inept|Focus:Proficient|Guile:Proficient
Roserade,Grass|Poison,6,7,7,13,11,9,"Forest, Grasslands",4,Small,1,Phototroph,3,,,Alluring,Acrobatics:Proficient|Athletics:Inept|Charm:Proficient|Combat:Inept|Focus:Proficient|Guile:Proficient
Bounsweet,Grass,5,5,6,4,6,4,Forest,1,Small,1,Phototroph,1,Slow,Underdog,Alluring,Acrobatics:Proficient|Charm:Proficient|Stealth:Proficient
Steenee,Grass,7,7,7,5,7,7,Forest,3,Small,1,Phototroph,2,,Underdog,Alluring,Acrobatics:Proficient|Charm:Proficient|Combat:Proficient
Tsareena,Grass,7,12,10,5,10,7,Forest,5,Medium,2,Phototroph,3,,,Alluring,Acrobatics:Proficient|Combat:Mastered|Command:Proficient
Smoliv,Grass|Normal,5,4,6,6,6,3,Grasslands,1,Small,1,Phototroph,1,Slow,Underdog,Repulsive,Athletics:Inept|Charm:Proficient|Combat:Inept|Intuition:Proficient|Nature Edu:Proficient
Dolliv,Grass|Normal,5,5,6,10,9,3,Grasslands,2,Small,2,Phototroph,2,,Underdog,Alluring,Athletics:Inept|Charm:Proficient|Combat:Inept|Intuition:Proficient|Nature Edu:Proficient
Arboliva,Grass|Normal,8,7,9,13,11,4,Grasslands,4,Medium,3,Phototroph,3,,,Alluring|Mender,Charm:Proficient|Combat:Inept|Intuition:Proficient|Nature Edu:Proficient
Rhyhorn,Ground|Rock,8,9,10,3,3,3,Mountain,6,Medium,5,Herbivore,1,,Mountable|Underdog,Tracker,Athletics:Proficient|Combat:Proficient|Focus:Proficient
Rhydon,Ground|Rock,11,13,13,5,5,4,Mountain,8,Large,5,Herbivore,2,,Mountable,Tracker,Athletics:Proficient|Combat:Proficient|Focus:Proficient
Rhyperior,Ground|Rock,12,14,14,6,6,4,Mountain,11,Large,5,Herbivore,3,,Groundshaper|Mountable,Tracker,Acrobatics:Inept|Athletics:Mastered|Combat:Proficient|Focus:Proficient
Trapinch,Ground,5,10,5,5,5,1,Desert,2,Small,2,Carnivore,1,Burrower,Underdog,,Acrobatics:Inept|Athletics:Proficient|Focus:Proficient|Perception:Proficient
Vibrava,Ground|Dragon,6,8,6,6,6,8,Desert,2,Medium,2,Carnivore,2,Burrower|Flier,Underdog,,Acrobatics:Proficient|Focus:Proficient|Perception:Proficient
Flygon,Ground|Dragon,8,10,8,8,8,10,Desert,7,Large,4,Carnivore,3,Flier,Mountable,,Acrobatics:Proficient|Athletics:Proficient|Focus:Proficient|Perception:Proficient|Stealth:Inept
Sandile,Ground|Dark,5,7,4,4,4,7,Desert,3,Small,2,Carnivore,1,,Darkvision|Underdog,,Athletics:Mastered|Combat:Proficient|Stealth:Proficient
Krokorok,Ground|Dark,6,8,5,5,5,7,Desert,5,Medium,3,Carnivore,2,,Darkvision|Underdog,,Athletics:Mastered|Combat:Proficient|Intimidate:Proficient
Krookodile,Ground|Dark,10,12,8,7,7,9,Desert,7,Medium,4,Carnivore,3,,Darkvision|Groundshaper,,Athletics:Mastered|Combat:Proficient|Intimidate:Proficient
Swinub,Ice|Ground,7,6,6,3,3,5,Tundra,1,Small,1,Herbivore,1,Slow,Underdog,Tremorsense,Athletics:Proficient|Perception:Proficient|Nature Edu:Proficient
Piloswine,Ice|Ground,10,10,8,6,6,5,Tundra,4,Medium,4,Herbivore,2,,Mountable|Underdog,Tremorsense,Athletics:Proficient|Perception:Proficient|Nature Edu:Proficient
Mamoswine,Ice|Ground,11,13,8,7,6,8,Tundra,10,Large,6,Omnivore,3,,Mountable,Tremorsense,Athletics:Proficient|Perception:Proficient|Nature Edu:Proficient
Spheal,Ice|Water,7,4,5,6,5,3,"Ocean, Tundra",1,Small,3,Herbivore,1,Swimmer,Underdog,,Focus:Proficient|Intuition:Proficient
Sealeo,Ice|Water,9,6,7,8,7,5,"Ocean, Tundra",4,Medium,4,Herbivore,2,Swimmer,Underdog,,Focus:Proficient|Intuition:Proficient
Walrein,Ice|Water,11,8,9,10,9,7,"Ocean, Tundra",7,Large,5,Omnivore,3,Swimmer,Mountable,,Athletics:Proficient|Focus:Proficient|Intuition:Proficient
Vanillite,Ice,4,5,5,7,6,5,Tundra,1,Small,1,Terravore,1,Flier,Underdog,Chilled,Focus:Proficient
Vanillish,Ice,5,7,7,8,8,6,Tundra,2,Medium,3,Terravore,2,Flier,Underdog,Chilled,Focus:Proficient
Vanilluxe,Ice,7,10,9,11,10,8,Tundra,3,Medium,4,Terravore,3,Flier,,Chilled,Focus:Proficient
Pidgey,Normal|Flying,5,5,4,5,4,7,Grasslands,1,Small,1,Omnivore,1,Flier,Underdog,,Acrobatics:Proficient|Athletics:Inept|Perception:Mastered
Pidgeotto,Normal|Flying,6,6,6,6,5,8,Grasslands,3,Medium,3,Carnivore,2,Flier,Underdog,,Acrobatics:Proficient|Combat:Proficient|Perception:Mastered
Pidgeot,Normal|Flying,8,9,8,9,7,10,Grasslands,5,Medium,3,Carnivore,3,Flier|Quick,Mountable,,Acrobatics:Proficient|Combat:Proficient|Perception:Mastered
Igglybuff,Normal|Fairy,9,3,2,4,2,2,"Grasslands, Urban",1,Small,1,Herbivore,1,Slow,Underdog,,Acrobatics:Proficient|Charm:Proficient
Jigglypuff,Normal|Fairy,12,6,3,6,3,3,"Grasslands, Urban",1,Small,1,Herbivore,2,,Underdog,,Acrobatics:Proficient|Charm:Proficient
Wigglytuff,Normal|Fairy,15,8,6,10,6,6,"Grasslands, Urban",3,Medium,2,Herbivore,3,,,,Acrobatics:Proficient|Charm:Proficient
Happiny,Normal,15,1,1,3,7,3,"Grasslands, Urban",1,Small,2,Herbivore,1,Slow,Underdog,,Athletics:Inept|Charm:Proficient|Focus:Mastered|Intuition:Proficient|Med Edu:Proficient
Chansey,Normal,25,1,1,4,11,5,"Grasslands, Urban",1,Medium,3,Herbivore,2,,,Mender,Athletics:Inept|Charm:Proficient|Focus:Mastered|Intuition:Proficient|Med Edu:Proficient
Blissey,Normal,26,1,1,8,14,6,"Grasslands, Urban",3,Medium,3,Herbivore,3,,,Empath|Mender,Athletics:Inept|Charm:Proficient|Focus:Mastered|Intuition:Proficient|Med Edu:Proficient
Porygon,Normal,7,6,7,9,8,4,Urban,2,Small,3,Ergovore,1,Flier,Underdog,Breathless|Wired,Focus:Mastered|Perception:Proficient|Tech Edu:Proficient
Porygon2,Normal,9,8,9,11,10,6,Urban,2,Small,3,Ergovore,2,Flier,,Breathless|Wired,Focus:Mastered|Perception:Proficient|Tech Edu:Proficient
Porygon-Z,Normal,9,8,7,14,8,9,Urban,2,Small,3,Ergovore,3,Flier,,Breathless|Wired,Focus:Mastered|Perception:Proficient|Tech Edu:Proficient
Slakoth,Normal,7,6,6,4,4,3,Forest,3,Small,2,Herbivore,1,Climber|Slow,Truant|Underdog,,Acrobatics:Inept|Athletics:Inept|Focus:Inept|Stealth:Proficient
Vigoroth,Normal,8,8,8,6,6,9,Forest,4,Medium,3,Omnivore,2,Climber|Quick,Underdog,,Acrobatics:Proficient|Athletics:Mastered|Combat:Proficient
Slaking,Normal,15,16,10,10,7,10,Forest,9,Large,6,Omnivore,3,,Truant,,Acrobatics:Inept|Athletics:Mastered|Combat:Proficient|Focus:Inept|Intuition:Proficient
Whismur,Normal,7,5,5,5,4,4,Cave,1,Small,2,Herbivore,1,Slow,Underdog,,Athletics:Inept|Combat:Inept|Focus:Proficient|Perception:Proficient
Loudred,Normal,9,7,5,7,5,5,Cave,4,Medium,3,Herbivore,2,,Underdog,,Athletics:Proficient|Focus:Proficient|Perception:Proficient
Exploud,Normal,10,10,7,10,7,7,Cave,6,Medium,4,Herbivore,3,,,,Athletics:Proficient|Focus:Proficient|Perception:Proficient
Starly,Normal|Flying,5,7,4,4,4,6,Grasslands,1,Small,1,Herbivore,1,Flier,Underdog,,Acrobatics:Proficient|Combat:Mastered|Perception:Proficient
Staravia,Normal|Flying,7,9,6,4,4,8,Grasslands,3,Small,2,Carnivore,2,Flier|Quick,Underdog,,Acrobatics:Proficient|Combat:Mastered|Perception:Proficient
Staraptor,Normal|Flying,9,12,9,5,6,10,Grasslands,5,Medium,2,Carnivore,3,Flier|Quick,Mountable,,Acrobatics:Proficient|Combat:Mastered|Perception:Proficient
Lillipup,Normal,5,6,5,3,5,6,"Grasslands, Urban",2,Small,1,Omnivore,1,,Underdog,Tracker,Athletics:Proficient|Perception:Proficient|Nature Edu:Proficient
Herdier,Normal,7,8,7,4,7,6,"Grasslands, Urban",4,Small,2,Omnivore,2,,Underdog,Tracker,Athletics:Proficient|Perception:Proficient|Nature Edu:Proficient
Stoutland,Normal,9,11,9,5,9,8,"Grasslands, Urban",5,Medium,4,Omnivore,3,,Mountable,Tracker,Athletics:Proficient|Perception:Proficient|Nature Edu:Proficient
Pidove,Normal|Flying,6,6,5,4,3,6,Urban,1,Small,1,Herbivore,1,Flier,Underdog,,Acrobatics:Mastered|Combat:Proficient|Focus:Proficient
Tranquill,Normal|Flying,7,8,6,5,4,7,Urban,3,Small,2,Carnivore,2,Flier,Underdog,,Acrobatics:Mastered|Combat:Proficient|Focus:Proficient
Unfezant,Normal|Flying,8,12,8,8,6,9,Urban,5,Medium,3,Carnivore,3,Flier|Quick,,,Acrobatics:Mastered|Combat:Proficient|Focus:Proficient
Pikipek,Normal|Flying,5,8,4,3,3,7,Grasslands,1,Small,1,Herbivore,1,Flier,Underdog,,Acrobatics:Proficient|Focus:Proficient
Trumbeak,Normal|Flying,6,9,5,4,5,8,Grasslands,2,Small,2,Herbivore,2,Flier,Underdog,,Acrobatics:Proficient|Focus:Proficient|Perception:Proficient
Toucannon,Normal|Flying,8,12,8,8,8,7,Grasslands,4,Medium,3,Herbivore,3,Flier,,,Acrobatics:Proficient|Focus:Proficient|Perception:Proficient
Nidoran F,Poison,6,5,5,5,5,4,Grasslands,2,Small,1,Herbivore,1,,Underdog,,Focus:Proficient
Nidorina,Poison,7,6,7,6,6,6,Grasslands,5,Small,2,Herbivore,2,,Underdog,,Athletics:Proficient|Focus:Proficient
Nidoqueen,Poison|Ground,9,9,9,8,9,8,Grasslands,8,Medium,4,Omnivore,3,,Groundshaper|Mountable,Pack Mon,Athletics:Proficient|Combat:Proficient|Focus:Proficient
Nidoran M,Poison,5,6,4,5,4,6,Grasslands,2,Small,1,Herbivore,1,,Underdog,,Focus:Proficient
Nidorino,Poison,6,7,6,6,6,7,Grasslands,5,Small,2,Omnivore,2,,Underdog,,Combat:Proficient|Focus:Proficient
Nidoking,Poison|Ground,8,10,8,9,8,9,Grasslands,9,Medium,4,Omnivore,3,,Groundshaper|Mountable,Pack Mon,Athletics:Proficient|Combat:Proficient|Focus:Proficient
Zubat,Poison|Flying,5,6,4,3,4,8,Cave,1,Small,1,Carnivore,1,Flier,Blindsense|Underdog,Tracker,Acrobatics:Mastered|Athletics:Inept|Combat:Proficient|Stealth:Proficient
Golbat,Poison|Flying,8,8,7,7,8,9,Cave,3,Medium,4,Carnivore,2,Flier,Darkvision,Tracker,Acrobatics:Mastered|Combat:Proficient|Stealth:Proficient
Crobat,Poison|Flying,9,9,8,7,8,13,Cave,5,Medium,4,Carnivore,3,Flier|Quick,Darkvision,Tracker,Acrobatics:Mastered|Combat:Proficient|Stealth:Proficient
Abra,Psychic,3,2,2,11,6,9,Urban,2,Small,2,Omnivore,1,Slow|Teleporter,Telekinetic|Underdog,Telepath,Athletics:Inept|Focus:Mastered|Intuition:Proficient|Perception:Proficient|Gen Edu:Proficient
Kadabra,Psychic,4,4,3,12,7,11,Urban,3,Medium,4,Omnivore,2,Teleporter,Telekinetic|Underdog|Wielder (Arcane),Telepath,Athletics:Inept|Focus:Mastered|Intuition:Proficient|Perception:Proficient|Gen Edu:Proficient
Alakazam,Psychic,6,5,5,14,10,12,Urban,4,Medium,3,Omnivore,3,Teleporter,Telekinetic|Wielder (Arcane),Telepath,Athletics:Inept|Focus:Mastered|Intuition:Proficient|Perception:Proficient|Gen Edu:Proficient
Ralts,Psychic|Fairy,4,4,4,7,6,5,Urban,1,Small,1,Omnivore,1,Slow|Teleporter,Telekinetic|Underdog,Empath|Telepath,Athletics:Inept|Combat:Inept|Focus:Mastered|Intuition:Proficient|Stealth:Proficient
Kirlia,Psychic|Fairy,5,5,5,9,8,6,Urban,2,Small,2,Omnivore,2,Teleporter,Telekinetic|Underdog,Empath|Premonition|Telepath,Athletics:Inept|Charm:Proficient|Focus:Mastered|Intuition:Proficient|Perception:Proficient
Gardevoir,Psychic|Fairy,7,7,7,13,12,8,Urban,4,Medium,3,Omnivore,3,Teleporter,Telekinetic,Empath|Premonition|Telepath,Athletics:Inept|Charm:Proficient|Focus:Mastered|Intuition:Proficient|Perception:Proficient
Gallade,Psychic|Fighting,7,13,7,7,12,8,Urban,7,Medium,4,Omnivore,3,Quick|Teleporter,Telekinetic,Aura Reader|Empath|Telepath,Athletics:Proficient|Combat:Mastered|Focus:Proficient
Gothita,Psychic,5,3,5,6,7,5,Urban,1,Small,1,Herbivore,1,Slow,Telekinetic|Underdog,Telepath|True Sight,Focus:Proficient|Perception:Proficient
Gothorita,Psychic,6,5,7,8,9,6,Urban,3,Small,2,Herbivore,2,,Telekinetic|Underdog,Telepath|True Sight,Focus:Proficient|Perception:Proficient
Gothitelle,Psychic,7,6,10,10,11,7,Urban,4,Medium,2,Herbivore,3,,Telekinetic,Premonition|Telepath|True Sight,Focus:Proficient|Perception:Proficient
Solosis,Psychic,5,3,4,11,5,2,"Space, Urban",1,Small,1,Herbivore,1,Flier,Telekinetic|Underdog,Amorphous|Telepath,Athletics:Inept|Combat:Inept|Focus:Proficient|Perception:Proficient
Duosion,Psychic,7,4,5,13,6,3,"Space, Urban",2,Small,1,Omnivore,2,Flier,Telekinetic|Underdog,Amorphous|Telepath,Athletics:Inept|Focus:Proficient|Perception:Proficient
Reuniclus,Psychic,11,7,8,13,9,3,"Space, Urban",7,Medium,2,Omnivore,3,Flier,Telekinetic,Amorphous|Telepath,Athletics:Inept|Focus:Mastered|Perception:Proficient
Hatenna,Psychic,5,3,6,6,6,4,Forest,1,Small,1,Herbivore,1,,Telekinetic|Underdog,Empath|Telepath,Focus:Mastered|Intuition:Proficient|Perception:Proficient
Hattrem,Psychic,6,4,7,9,7,5,Forest,1,Small,1,Herbivore,2,,Telekinetic|Underdog,Empath|Telepath,Focus:Mastered|Intuition:Proficient|Perception:Proficient
Hatterene,Psychic|Fairy,6,9,10,14,10,3,Forest,3,Large,1,Herbivore,3,Flier|Slow|Teleporter,Telekinetic,Empath|Illusionist|Telepath,Focus:Mastered|Intuition:Proficient|Perception:Proficient
Geodude,Rock|Ground,4,8,10,3,3,2,"Cave, Mountain",3,Small,2,Terravore,1,Flier,Underdog,,Athletics:Proficient|Focus:Proficient|Nature Edu:Proficient
Graveler,Rock|Ground,6,10,12,5,5,4,"Cave, Mountain",8,Medium,5,Terravore,2,Burrower,Underdog,,Athletics:Proficient|Focus:Proficient|Nature Edu:Proficient
Golem,Rock|Ground,8,12,13,6,7,5,"Cave, Mountain",10,Medium,6,Terravore,3,Burrower,Groundshaper,,Athletics:Proficient|Focus:Proficient|Nature Edu:Proficient
Larvitar,Rock|Ground,5,6,5,5,5,4,"Cave, Mountain",7,Small,4,Terravore,1,Burrower|Slow,Darkvision|Underdog,,Acrobatics:Inept|Athletics:Mastered|Combat:Proficient|Intimidate:Proficient
Pupitar,Rock|Ground,7,8,7,7,7,5,"Cave, Mountain",8,Medium,5,Terravore,2,Burrower|Slow,Darkvision|Underdog,,Acrobatics:Inept|Athletics:Mastered|Combat:Proficient|Intimidate:Proficient
Tyranitar,Rock|Dark,10,13,11,10,10,6,"Cave, Mountain",11,Large,6,"Carnivore, Terravore",3,,Darkvision,,Acrobatics:Inept|Athletics:Mastered|Combat:Proficient|Intimidate:Proficient
Roggenrola,Rock,6,8,9,3,3,2,"Cave, Mountain",3,Small,2,Terravore,1,Slow,Underdog,,Acrobatics:Inept|Athletics:Proficient|Focus:Proficient|Nature Edu:Proficient
Boldore,Rock,7,11,11,5,4,2,"Cave, Mountain",8,Medium,5,Terravore,2,,Underdog,,Acrobatics:Inept|Athletics:Proficient|Focus:Proficient|Nature Edu:Proficient
Gigalith,Rock,9,14,13,6,8,3,"Cave, Mountain",12,Large,6,Terravore,3,,,,Acrobatics:Inept|Athletics:Proficient|Focus:Proficient|Nature Edu:Proficient
Rolycoly,Rock,4,5,7,5,5,4,Cave,3,Small,2,Terravore,1,,Darkvision|Underdog,,Acrobatics:Proficient|Athletics:Proficient|Combat:Proficient
Carkol,Rock|Fire,8,6,9,6,7,5,Cave,5,Medium,4,Terravore,2,,Darkvision|Underdog,Glow|Heater,Acrobatics:Proficient|Athletics:Proficient|Combat:Proficient
Coalossal,Rock|Fire,11,8,12,8,9,3,Cave,10,Huge,6,Terravore,3,,Darkvision,Glow|Heater,Athletics:Proficient|Combat:Proficient|Focus:Proficient
Nacli,Rock,6,6,8,4,4,3,"Cave, Mountain",3,Small,2,Terravore,1,Burrower|Slow,Underdog,Breathless,Athletics:Proficient|Focus:Proficient
Naclstack,Rock,6,6,10,4,7,4,"Cave, Mountain",8,Small,5,Terravore,2,Burrower,Underdog,Breathless,Athletics:Proficient|Focus:Proficient
Garganacl,Rock,10,10,13,5,9,4,"Cave, Mountain",12,Large,6,Terravore,3,Burrower,,Breathless,Athletics:Proficient|Focus:Proficient
Aron,Steel|Rock,5,7,10,4,4,3,"Cave, Mountain",5,Small,4,Terravore,1,Slow,Underdog,,Acrobatics:Inept|Athletics:Mastered|Combat:Proficient|Intimidate:Proficient|Nature Edu:Proficient
Lairon,Steel|Rock,6,9,14,5,5,4,"Cave, Mountain",9,Medium,5,Terravore,2,,Underdog,,Acrobatics:Inept|Athletics:Mastered|Combat:Proficient|Intimidate:Proficient|Nature Edu:Proficient
Aggron,Steel|Rock,7,11,18,6,6,5,"Cave, Mountain",13,Large,6,Terravore,3,,,,Acrobatics:Inept|Athletics:Mastered|Combat:Proficient|Intimidate:Proficient|Nature Edu:Proficient
Beldum,Steel|Psychic,4,6,8,4,6,3,Urban,5,Small,4,Omnivore,1,Climber|Flier,Underdog,Breathless|Magnetic,Athletics:Proficient|Combat:Proficient|Focus:Mastered
Metang,Steel|Psychic,6,8,10,6,8,5,Urban,9,Medium,6,Omnivore,2,Climber|Flier,Mountable|Underdog,Breathless|Magnetic,Athletics:Proficient|Combat:Proficient|Focus:Mastered
Metagross,Steel|Psychic,8,14,13,10,9,7,"Tundra, Urban",14,Large,6,Omnivore,3,Climber|Flier,Mountable,Breathless|Magnetic,Athletics:Proficient|Combat:Proficient|Focus:Mastered
Klink,Steel,4,6,7,5,6,3,Urban,3,Small,2,Terravore,1,Flier|Slow,Underdog,Breathless,Athletics:Proficient|Focus:Proficient|Perception:Proficient|Stealth:Inept
Klang,Steel,6,8,10,7,9,5,Urban,5,Small,4,Terravore,2,Flier,Underdog,Breathless,Athletics:Proficient|Focus:Proficient|Perception:Proficient|Stealth:Inept
Klinklang,Steel,6,10,12,8,9,9,Urban,7,Small,4,Terravore,3,Flier,,Breathless,Athletics:Proficient|Focus:Proficient|Perception:Proficient|Stealth:Inept
Honedge,Steel|Ghost,5,8,10,4,4,3,Urban,2,Small,1,Nullivore,1,Flier|Phaser,Invisibility|Living Weapon|Underdog,Breathless|Dead Silent,Combat:Mastered|Command:Proficient|Focus:Proficient
Doublade,Steel|Ghost,6,11,15,5,5,3,Urban,3,Small,1,Nullivore,2,Flier|Phaser,Invisibility|Living Weapon|Underdog,Breathless|Dead Silent,Combat:Mastered|Command:Proficient|Focus:Proficient
Aegislash,Steel|Ghost,6,5,15,5,15,6,Urban,5,Medium,4,Nullivore,3,Flier|Phaser,Invisibility|Living Weapon,Breathless|Dead Silent,Combat:Mastered|Command:Proficient|Focus:Proficient
Poliwag,Water,4,5,4,4,4,9,Wetlands,2,Small,2,Herbivore,1,Slow|Swimmer,Underdog,Gilled,Athletics:Inept|Combat:Inept|Focus:Proficient|Intuition:Proficient
Poliwhirl,Water,7,7,7,5,5,9,Wetlands,4,Medium,2,Omnivore,2,Swimmer,Underdog,Gilled,Focus:Proficient|Intuition:Proficient
Poliwrath,Water|Fighting,9,10,10,7,9,7,Wetlands,5,Medium,4,Omnivore,3,Swimmer,,Gilled,Athletics:Proficient|Focus:Proficient|Intuition:Proficient
Politoed,Water,9,8,8,9,10,7,Wetlands,4,Medium,2,Omnivore,3,Jumper|Swimmer,,Gilled,Acrobatics:Mastered|Focus:Proficient|Intuition:Proficient
Horsea,Water,3,4,7,7,3,6,Wetlands,1,Small,1,Omnivore,1,Swimmer,Underdog,Gilled,Focus:Proficient|Perception:Proficient
Seadra,Water,6,7,10,10,5,7,Wetlands,3,Medium,2,Omnivore,2,Swimmer,Underdog,Gilled,Focus:Proficient|Perception:Proficient
Kingdra,Water|Dragon,8,10,10,10,10,9,Wetlands,6,Medium,5,Omnivore,3,Quick|Swimmer,Mountable,Gilled,Combat:Proficient|Focus:Proficient|Perception:Proficient
Azurill,Normal|Fairy,5,2,4,2,4,2,Wetlands,1,Small,1,Herbivore,1,Jumper|Slow|Swimmer,Underdog,,Acrobatics:Proficient|Charm:Proficient
Marill,Water|Fairy,7,3,6,3,6,5,Wetlands,2,Small,1,Herbivore,2,Jumper|Swimmer,Underdog,,Acrobatics:Proficient|Charm:Proficient
Azumarill,Water|Fairy,10,5,8,6,8,5,Wetlands,2,Small,3,Herbivore,3,Jumper|Swimmer,Underdog,,Acrobatics:Proficient|Charm:Proficient
Lotad,Water|Grass,6,4,4,6,6,4,"Forest, Wetlands",1,Small,1,Herbivore,1,Swimmer,Underdog,,Acrobatics:Inept|Combat:Inept|Focus:Proficient
Lombre,Water|Grass,7,6,5,8,7,5,"Forest, Wetlands",3,Medium,3,Herbivore,2,Swimmer,Underdog,,Acrobatics:Proficient|Focus:Proficient
Ludicolo,Water|Grass,8,7,8,10,11,7,"Forest, Wetlands",5,Medium,4,Herbivore,3,Swimmer,,,Acrobatics:Proficient|Focus:Proficient
Tympole,Water,6,5,4,5,4,6,Wetlands,1,Small,1,Herbivore,1,Slow|Swimmer,Underdog,Gilled,Acrobatics:Proficient|Combat:Inept|Focus:Proficient
Palpitoad,Water|Ground,8,7,6,7,6,7,Wetlands,3,Small,2,Omnivore,2,Swimmer,Underdog,Gilled,Acrobatics:Proficient|Athletics:Proficient|Focus:Proficient
Seismitoad,Water|Ground,11,10,8,9,8,7,Wetlands,6,Medium,4,Omnivore,3,Swimmer,Groundshaper,Gilled,Acrobatics:Proficient|Athletics:Proficient|Focus:Proficient
Paras,Bug|Grass,4,7,6,5,6,3,"Cave, Forest",1,Small,1,"Herbivore, Phototroph",2,Climber|Slow,Darkvision|Underdog,,Athletics:Inept|Stealth:Proficient|Nature Edu:Proficient
Parasect,Bug|Grass,6,10,8,9,8,3,"Cave, Forest",3,Medium,3,"Herbivore, Phototroph",3,Climber,Darkvision|Underdog,Mindlock,Stealth:Proficient|Nature Edu:Proficient
Venonat,Bug|Poison,6,6,5,4,6,5,Forest,1,Medium,3,Herbivore,2,,Underdog,,Focus:Proficient|Perception:Proficient
Venomoth,Bug|Poison,8,7,7,10,9,10,Forest,2,Medium,2,Herbivore,3,Flier,,,Focus:Proficient|Perception:Proficient
Scyther,Bug|Flying,7,11,8,6,8,11,"Forest, Grasslands",6,Medium,4,Carnivore,2,Flier|Jumper|Quick,,,Acrobatics:Mastered|Athletics:Proficient|Combat:Proficient
Scizor,Bug|Steel,7,13,10,6,8,7,"Forest, Grasslands",6,Medium,5,Carnivore,3,Flier|Jumper|Quick,,,Acrobatics:Proficient|Athletics:Proficient|Combat:Mastered
Kleavor,Bug|Rock,7,13,10,6,7,8,"Forest, Grasslands",6,Medium,4,Carnivore,3,Jumper|Quick,,,Acrobatics:Proficient|Athletics:Proficient|Combat:Mastered
Ledyba,Bug|Flying,5,3,3,5,8,6,Forest,2,Medium,1,Herbivore,2,Climber|Flier,Underdog,,Acrobatics:Proficient|Combat:Proficient
Ledian,Bug|Flying,6,4,5,6,11,9,Forest,4,Medium,3,Herbivore,3,Climber|Flier,Underdog,,Acrobatics:Proficient|Combat:Proficient
Spinarak,Bug|Poison,5,6,5,4,5,5,Forest,1,Small,1,Carnivore,2,Climber|Slow,Darkvision|Threaded|Underdog,,Focus:Proficient|Stealth:Proficient|Nature Edu:Proficient
Ariados,Bug|Poison,7,9,7,6,7,4,Forest,3,Medium,3,Carnivore,3,Climber,Darkvision|Threaded|Underdog,,Focus:Proficient|Stealth:Proficient|Nature Edu:Proficient
Yanma,Bug|Flying,7,7,5,8,5,10,"Forest, Wetlands",3,Medium,3,Carnivore,2,Climber|Flier,Underdog,,Acrobatics:Mastered|Perception:Proficient|Nature Edu:Proficient
Yanmega,Bug|Flying,9,8,9,12,6,10,"Forest, Wetlands",5,Large,3,Carnivore,3,Climber|Flier|Quick,,,Acrobatics:Mastered|Perception:Proficient|Nature Edu:Proficient
Pineco,Bug,5,7,9,4,4,2,Forest,3,Small,1,Herbivore,2,Slow,Underdog,,Perception:Proficient|Nature Edu:Proficient
Forretress,Bug|Steel,9,9,16,6,7,4,Forest,6,Medium,5,Herbivore,3,Flier,,,Perception:Proficient|Nature Edu:Proficient
Surskit,Bug|Water,4,4,4,5,5,8,Wetlands,1,Small,1,Herbivore,2,Swimmer,Threaded|Underdog,,Acrobatics:Proficient|Stealth:Proficient
Masquerain,Bug|Flying,8,6,7,11,9,10,Wetlands,1,Small,1,Herbivore,3,Flier,Threaded,,Acrobatics:Proficient|Stealth:Proficient
Nincada,Bug|Ground,4,6,9,3,4,4,"Desert, Forest",1,Small,1,Herbivore,2,Burrower|Climber|Slow,Threaded|Underdog,,Acrobatics:Mastered|Athletics:Inept|Stealth:Proficient|Nature Edu:Proficient
Ninjask,Bug|Flying,6,10,5,5,5,20,"Desert, Forest",1,Small,2,Herbivore,3,Climber|Flier|Quick,Threaded,,Acrobatics:Mastered|Combat:Proficient|Stealth:Proficient
Shedinja,Bug|Ghost,5,11,6,11,7,6,"Desert, Forest",1,Small,2,Nullivore,3,Climber|Flier|Phaser,Darkvision|Threaded,Breathless|Dead Silent,Acrobatics:Mastered|Focus:Proficient|Stealth:Proficient
Kricketot,Bug,4,3,4,3,4,3,Forest,1,Small,1,Herbivore,2,Jumper|Slow,Underdog,,Acrobatics:Proficient|Combat:Inept|Focus:Proficient
Kricketune,Bug,8,9,5,6,5,7,Forest,2,Medium,3,Herbivore,3,Flier|Jumper|Quick,Underdog,Alluring|Repulsive,Acrobatics:Proficient|Focus:Proficient
Burmy,Bug,6,3,7,3,7,4,"Desert, Forest, Urban",1,Small,1,Herbivore,2,Climber|Slow,Threaded|Underdog,,Perception:Proficient|Stealth:Proficient|Nature Edu:Mastered
Wormadam Plant,Bug|Grass,6,6,9,8,11,4,"Forest, Grasslands",2,Small,1,Herbivore,3,,Threaded|Underdog,,Perception:Proficient|Stealth:Proficient|Nature Edu:Mastered
Wormadam Sandy,Bug|Ground,6,8,11,6,9,4,"Cave, Desert, Mountain",2,Small,1,Herbivore,3,,Threaded|Underdog,,Perception:Proficient|Stealth:Proficient|Nature Edu:Mastered
Wormadam Trash,Bug|Steel,6,7,10,7,10,4,Urban,2,Small,1,Herbivore,3,,Threaded|Underdog,,Perception:Proficient|Stealth:Proficient|Nature Edu:Mastered
Mothim,Bug|Flying,7,9,5,9,5,7,"Forest, Grasslands",2,Small,2,Herbivore,3,Flier,Threaded|Underdog,,Perception:Proficient|Stealth:Proficient|Nature Edu:Mastered
Combee,Bug|Flying,4,4,5,4,5,8,"Forest, Grasslands",1,Small,1,Herbivore,2,Flier,Underdog,,Acrobatics:Proficient|Combat:Inept|Focus:Proficient
Vespiquen,Bug|Flying,7,8,11,8,11,6,"Forest, Grasslands",3,Medium,3,Herbivore,3,Flier,,,Acrobatics:Proficient|Command:Proficient|Focus:Proficient
Dwebble,Bug|Rock,5,7,9,4,4,6,Desert,2,Small,2,Herbivore,2,Burrower|Slow,Underdog,,Focus:Proficient|Intuition:Proficient|Stealth:Proficient
Crustle,Bug|Rock,7,11,13,7,8,5,Desert,5,Medium,6,"Herbivore, Terravore",3,Burrower,Groundshaper,,Athletics:Mastered|Focus:Proficient|Intuition:Proficient
Karrablast,Bug,5,8,5,4,5,6,Forest,2,Small,1,Herbivore,2,Slow,Underdog,,Acrobatics:Proficient|Focus:Proficient
Escavalier,Bug|Steel,7,14,11,6,11,2,Forest,4,Medium,3,Herbivore,3,Flier,,,Acrobatics:Proficient|Combat:Mastered|Focus:Proficient
Shelmet,Bug,5,4,9,4,7,3,Forest,2,Small,1,Herbivore,2,Slow,Underdog,,Focus:Proficient|Perception:Proficient
Accelgor,Bug,8,7,4,10,7,15,Forest,3,Small,1,Herbivore,3,Quick,,,Acrobatics:Mastered|Focus:Proficient|Stealth:Proficient
Joltik,Bug|Electric,5,5,5,6,5,7,"Cave, Forest",1,Small,1,Carnivore,2,Climber,Threaded|Underdog,,Acrobatics:Proficient|Stealth:Proficient
Galvantula,Bug|Electric,8,8,6,11,6,12,"Cave, Forest",2,Small,2,Carnivore,3,Climber,Threaded|Underdog,,Acrobatics:Proficient|Stealth:Proficient
Larvesta,Bug|Fire,6,9,6,5,6,6,"Cave, Forest",2,Medium,3,Omnivore,2,Slow,Threaded|Underdog,Heater,Acrobatics:Inept|Focus:Proficient|Perception:Proficient
Volcarona,Bug|Fire,9,6,7,14,11,10,"Cave, Forest",3,Medium,3,Omnivore,3,Flier,Threaded,Heater,Focus:Proficient|Perception:Proficient
Cutiefly,Bug|Fairy,4,5,4,6,4,8,"Forest, Grasslands",1,Small,1,Herbivore,2,Flier|Slow,Underdog,Aura Reader,Acrobatics:Proficient|Athletics:Inept|Charm:Proficient|Combat:Inept|Intuition:Proficient
Ribombee,Bug|Fairy,7,6,6,10,10,12,"Forest, Grasslands",1,Small,1,Herbivore,3,Flier,,Aura Reader,Acrobatics:Proficient|Athletics:Inept|Charm:Proficient|Intuition:Proficient
Wimpod,Bug|Water,4,5,5,3,4,9,"Cave, Ocean",1,Small,2,Omnivore,2,Swimmer,Underdog,Gilled,Acrobatics:Proficient|Athletics:Inept|Combat:Inept|Stealth:Proficient|Nature Edu:Proficient
Golisopod,Bug|Water,8,13,14,6,9,4,"Cave, Ocean",8,Large,5,Omnivore,3,Swimmer,,Gilled,Athletics:Proficient|Combat:Proficient|Nature Edu:Proficient
Tarountula,Bug,5,5,7,4,6,3,Forest,1,Small,1,Carnivore,2,Climber,Threaded|Underdog,,Focus:Proficient|Perception:Proficient|Stealth:Mastered
Spidops,Bug,6,8,9,5,9,4,Forest,3,Medium,2,Carnivore,3,Burrower|Climber,Threaded|Underdog,Dead Silent,Focus:Proficient|Perception:Proficient|Stealth:Mastered
Nymble,Bug,4,6,6,2,5,7,Forest,1,Small,1,Omnivore,2,Jumper,Underdog,,Acrobatics:Mastered|Focus:Proficient|Stealth:Proficient
Lokix,Bug|Dark,8,12,8,5,8,10,Forest,6,Medium,2,Omnivore,3,Climber|Jumper|Quick,Darkvision,,Acrobatics:Mastered|Combat:Proficient|Focus:Proficient
Rellor,Bug,5,5,7,3,7,3,Desert,1,Small,1,Omnivore,2,Burrower|Slow,Underdog,,Athletics:Inept|Focus:Proficient|Intuition:Proficient
Rabsca,Bug|Psychic,9,5,10,12,10,5,Desert,6,Small,1,Omnivore,3,Flier,Telekinetic,Mindlock,Athletics:Inept|Focus:Proficient|Intuition:Proficient
Murkrow,Dark|Flying,6,9,4,9,4,9,"Forest, Urban",1,Small,1,Omnivore,2,Flier,Darkvision|Underdog,Pack Mon,Guile:Proficient|Intuition:Proficient|Stealth:Mastered
Honchkrow,Dark|Flying,10,13,5,11,5,7,"Forest, Urban",4,Small,3,Omnivore,3,Flier,Darkvision,Pack Mon,Guile:Proficient|Intuition:Proficient|Stealth:Mastered
Sneasel,Dark|Ice,7,12,6,4,8,14,"Cave, Tundra",2,Small,3,Omnivore,2,Climber|Jumper|Quick,Darkvision,,Acrobatics:Mastered|Combat:Proficient|Stealth:Proficient
Weavile,Dark|Ice,8,14,7,5,9,15,"Cave, Tundra",3,Medium,3,Omnivore,3,Climber|Jumper|Quick,Darkvision,,Acrobatics:Mastered|Combat:Proficient|Stealth:Proficient
Houndour,Dark|Fire,5,6,3,8,5,7,"Grasslands, Mountain",2,Small,1,Carnivore,2,,Darkvision|Underdog,Pack Mon|Tracker,Command:Proficient|Perception:Mastered|Stealth:Proficient
Houndoom,Dark|Fire,8,9,5,11,8,10,"Grasslands, Mountain",5,Medium,3,Carnivore,3,,Darkvision,Pack Mon|Tracker,Command:Proficient|Perception:Mastered|Stealth:Proficient
Poochyena,Dark,5,7,4,4,4,6,Grasslands,2,Small,2,Carnivore,2,,Darkvision|Underdog,Pack Mon|Tracker,Athletics:Proficient|Command:Proficient
Mightyena,Dark,7,9,7,6,6,7,Grasslands,6,Medium,3,Carnivore,3,,Darkvision|Underdog,Pack Mon|Tracker,Athletics:Proficient|Command:Proficient|Intimidate:Proficient
Purrloin,Dark,5,5,4,5,4,7,Urban,1,Small,1,Carnivore,2,,Darkvision|Underdog,,Acrobatics:Proficient|Guile:Proficient|Stealth:Mastered
Liepard,Dark,7,10,6,10,6,12,Urban,4,Medium,3,Carnivore,3,Quick,Darkvision,,Acrobatics:Proficient|Guile:Proficient|Stealth:Mastered
Scraggy,Dark|Fighting,5,8,7,4,7,5,"Desert, Urban",3,Small,2,Herbivore,2,,Darkvision|Underdog,Pack Mon,Athletics:Proficient|Combat:Mastered|Guile:Proficient
Scrafty,Dark|Fighting,7,9,12,5,12,6,"Desert, Urban",6,Medium,3,Herbivore,3,,Darkvision,Pack Mon,Athletics:Proficient|Combat:Mastered|Guile:Proficient
Zorua,Dark,4,7,4,8,4,7,"Forest, Urban",1,Small,2,Omnivore,2,,Darkvision|Underdog,Illusionist|Pack Mon|Tracker,Acrobatics:Proficient|Guile:Mastered|Stealth:Proficient
Zoroark,Dark,9,12,7,12,7,12,"Forest, Urban",4,Medium,4,Omnivore,3,,Darkvision,Illusionist|Pack Mon|Tracker,Acrobatics:Proficient|Guile:Mastered|Stealth:Proficient
Vullaby,Dark|Flying,7,6,8,5,7,6,"Cave, Mountain",1,Small,1,Carnivore,2,,Darkvision|Underdog,,Perception:Mastered|Nature Edu:Proficient
Mandibuzz,Dark|Flying,11,7,11,6,10,8,"Cave, Mountain",3,Medium,3,Carnivore,3,Flier,Darkvision,,Command:Proficient|Perception:Mastered|Nature Edu:Proficient
Inkay,Dark|Psychic,5,5,5,5,5,5,"Forest, Ocean",1,Small,1,Carnivore,2,Flier|Swimmer,Telekinetic|Underdog,Gilled|Glow|Mindlock|Telepath,Combat:Proficient|Focus:Mastered|Perception:Proficient
Malamar,Dark|Psychic,9,10,10,7,8,7,"Forest, Ocean",1,Medium,3,Carnivore,3,Flier|Swimmer,Telekinetic,Gilled|Glow|Mindlock|Telepath,Combat:Proficient|Focus:Mastered|Perception:Proficient
Nickit,Dark,5,5,5,5,5,5,"Forest, Urban",2,Small,1,Omnivore,2,,Darkvision|Underdog,,Guile:Proficient|Perception:Proficient|Stealth:Mastered
Thievul,Dark,8,11,6,11,9,11,"Forest, Urban",5,Medium,2,Omnivore,3,Quick,Darkvision,,Guile:Proficient|Perception:Proficient|Stealth:Mastered
Maschiff,Dark,6,8,6,4,5,5,"Desert, Grasslands",3,Small,2,Carnivore,2,,Darkvision|Underdog,Tracker,Focus:Proficient|Intimidate:Proficient|Perception:Proficient
Mabosstiff,Dark,8,12,9,6,7,9,"Desert, Grasslands",6,Medium,4,Carnivore,3,,Darkvision,Tracker,Focus:Proficient|Intimidate:Proficient|Perception:Proficient
Voltorb,Electric,4,3,5,6,6,10,Urban,2,Small,1,Ergovore,2,,Underdog,,Acrobatics:Proficient|Focus:Proficient|Stealth:Proficient
Electrode,Electric,6,5,7,9,8,16,Urban,4,Medium,4,Ergovore,3,Quick,,,Acrobatics:Proficient|Focus:Proficient|Stealth:Proficient
Electrike,Electric,4,5,4,7,4,7,Grasslands,2,Small,2,Carnivore,2,,Underdog,Pack Mon|Tracker,Acrobatics:Proficient|Combat:Proficient|Stealth:Proficient
Manectric,Electric,8,12,6,14,6,12,Grasslands,4,Medium,3,Carnivore,3,Quick,,Pack Mon|Tracker,Acrobatics:Proficient|Combat:Proficient|Stealth:Proficient
Blitzle,Electric,5,6,3,5,3,8,Grasslands,4,Small,3,Herbivore,2,,Underdog,Glow,Acrobatics:Mastered|Athletics:Proficient|Combat:Proficient
Zebstrika,Electric,8,10,6,8,6,13,Grasslands,7,Medium,4,Herbivore,3,Quick,Mountable,Glow,Acrobatics:Mastered|Athletics:Proficient|Combat:Proficient
Helioptile,Normal|Electric,4,4,3,7,5,7,"Cave, Desert",1,Small,1,Phototroph,2,,Underdog,Glow,Acrobatics:Proficient|Athletics:Proficient|Nature Edu:Proficient
Heliolisk,Normal|Electric,6,6,5,12,10,12,"Cave, Desert",3,Medium,2,Phototroph,3,Quick,,Glow,Acrobatics:Proficient|Athletics:Proficient|Nature Edu:Proficient
Yamper,Electric,6,5,5,4,5,5,"Grasslands, Urban",2,Small,2,Omnivore,2,,Underdog,Pack Mon|Tracker,Acrobatics:Proficient|Athletics:Proficient|Charm:Proficient|Focus:Inept
Boltund,Electric,9,10,6,8,6,12,"Grasslands, Urban",5,Medium,3,Omnivore,3,Quick,,Pack Mon|Tracker,Acrobatics:Proficient|Athletics:Proficient|Charm:Proficient|Focus:Inept
Toxel,Electric|Poison,6,5,5,5,5,4,"Urban, Wetlands",2,Small,2,Omnivore,2,Slow,Underdog,Glow,Athletics:Inept|Combat:Inept|Focus:Mastered|Perception:Proficient
Toxtricity,Electric|Poison,8,10,7,11,7,8,"Urban, Wetlands",4,Medium,3,Omnivore,3,,,Glow,Combat:Proficient|Focus:Mastered|Perception:Proficient
Tadbulb,Electric,6,3,4,7,4,6,Wetlands,1,Small,1,Omnivore,2,Flier|Swimmer,Underdog,Gilled|Glow,Athletics:Inept|Focus:Proficient|Intuition:Inept|Nature Edu:Proficient
Bellibolt,Electric,12,6,9,10,9,5,Wetlands,4,Medium,5,Omnivore,3,Swimmer,,Glow,Focus:Proficient|Intuition:Inept|Nature Edu:Proficient
Snubbull,Fairy,6,8,5,4,4,3,"Grasslands, Urban",1,Small,1,Carnivore,2,,Underdog,Tracker,Athletics:Proficient|Focus:Proficient
Granbull,Fairy,10,13,9,6,7,6,"Grasslands, Urban",5,Medium,3,Carnivore,3,,,Tracker,Athletics:Proficient|Focus:Proficient
Spritzee,Fairy,8,5,6,6,7,2,Forest,1,Small,1,Herbivore,2,Flier,Underdog,Alluring|Repulsive,Charm:Proficient|Combat:Inept|Focus:Proficient|Perception:Proficient
Aromatisse,Fairy,10,7,8,11,11,4,Forest,2,Small,2,Herbivore,3,Flier,,Alluring|Repulsive,Charm:Proficient|Combat:Inept|Focus:Proficient|Perception:Proficient
Swirlix,Fairy,6,5,7,6,6,5,Forest,1,Small,1,Herbivore,2,,Threaded|Underdog,Alluring,Focus:Proficient|Perception:Proficient
Slurpuff,Fairy,8,9,9,9,9,7,Forest,2,Small,1,Herbivore,3,,Threaded,Alluring|Tracker,Focus:Proficient|Perception:Proficient
Milcery,Fairy,5,4,5,6,7,3,Urban,1,Small,1,Herbivore,2,Flier,Underdog,Alluring|Amorphous,Athletics:Inept|Charm:Proficient|Combat:Inept|Focus:Mastered|Intuition:Proficient
Alcremie,Fairy,7,6,8,12,12,6,Urban,2,Small,1,Herbivore,3,Flier,,Alluring|Amorphous,Athletics:Inept|Charm:Proficient|Combat:Inept|Focus:Mastered|Intuition:Proficient
Fidough,Fairy,4,6,7,3,6,7,Urban,2,Small,1,Omnivore,2,,Underdog,Tracker,Charm:Proficient|Perception:Proficient
Dachsbun,Fairy,6,9,12,5,9,10,Urban,4,Small,2,Omnivore,3,,,Alluring|Heater|Tracker,Charm:Proficient|Perception:Proficient
Mankey,Fighting,4,8,4,4,5,7,"Forest, Mountain",4,Small,3,Omnivore,2,Climber|Jumper,Underdog,,Athletics:Proficient|Combat:Mastered|Focus:Inept|Intimidate:Proficient|Intuition:Inept
Primeape,Fighting,8,13,7,6,7,13,"Forest, Mountain",6,Medium,3,Omnivore,3,Climber|Jumper,,,Athletics:Proficient|Combat:Mastered|Focus:Inept|Intimidate:Proficient|Intuition:Inept
Annihilape,Fighting|Ghost,11,12,8,5,9,9,"Forest, Mountain",6,Medium,4,Carnivore,3,Climber|Jumper,,,Athletics:Proficient|Combat:Mastered|Intimidate:Proficient
Tyrogue,Fighting,5,5,5,5,5,5,"Grasslands, Urban",4,Small,2,Omnivore,2,,Underdog,,Acrobatics:Proficient|Athletics:Proficient|Combat:Mastered
Hitmonlee,Fighting,6,13,6,4,11,11,"Grasslands, Urban",6,Medium,3,Omnivore,3,Jumper,Reach,,Acrobatics:Proficient|Athletics:Proficient|Combat:Mastered
Hitmonchan,Fighting,6,12,9,4,11,9,"Grasslands, Urban",7,Medium,4,Omnivore,3,,,,Athletics:Proficient|Combat:Mastered|Focus:Proficient
Hitmontop,Fighting,6,11,11,4,11,8,"Grasslands, Urban",6,Medium,3,Omnivore,3,,,,Acrobatics:Mastered|Athletics:Proficient|Combat:Proficient
Makuhita,Fighting,9,8,4,2,4,3,Cave,6,Medium,4,Omnivore,2,Slow,,,Athletics:Mastered|Combat:Proficient|Focus:Proficient
Hariyama,Fighting,15,13,7,4,7,5,Cave,14,Large,6,Omnivore,3,,,,Athletics:Mastered|Combat:Proficient|Focus:Proficient
Meditite,Fighting|Psychic,4,4,6,4,6,6,Cave,4,Small,1,Omnivore,2,,Underdog,Aura Reader|Telepath,Athletics:Proficient|Combat:Proficient|Focus:Mastered
Medicham,Fighting|Psychic,6,6,8,6,8,8,Cave,6,Medium,3,Omnivore,3,Jumper,Blender|Underdog,Aura Reader|Telepath,Athletics:Proficient|Combat:Proficient|Focus:Mastered
Riolu,Fighting,4,7,4,5,4,6,Cave,3,Small,2,Omnivore,2,,Underdog,Aura Reader,Combat:Proficient|Focus:Mastered|Intuition:Proficient
Lucario,Fighting|Steel,7,11,7,12,7,9,Cave,7,Medium,4,Omnivore,3,Jumper|Quick,,Aura Reader|Empath|Telepath,Athletics:Proficient|Combat:Proficient|Focus:Mastered|Guile:Inept|Intuition:Proficient
Mienfoo,Fighting,5,9,5,6,5,7,"Cave, Mountain",4,Small,2,Omnivore,2,Jumper,Underdog,,Athletics:Proficient|Combat:Proficient|Focus:Mastered
Mienshao,Fighting,7,16,6,10,6,11,"Cave, Mountain",6,Medium,3,Omnivore,3,Jumper,Reach,,Athletics:Proficient|Combat:Proficient|Focus:Mastered
Pancham,Fighting,7,8,6,5,5,4,Grasslands,2,Small,1,Herbivore,2,,Underdog,Pack Mon,Athletics:Proficient|Combat:Mastered
Pangoro,Fighting|Dark,10,13,8,7,7,6,Grasslands,9,Large,5,Herbivore,3,,,Pack Mon,Athletics:Proficient|Combat:Mastered|Intimidate:Proficient
Crabrawler,Fighting,5,8,6,4,5,6,Tundra,2,Small,1,Herbivore,2,,Underdog,Gilled,Athletics:Proficient|Combat:Proficient|Focus:Proficient
Crabominable,Fighting|Ice,10,15,9,6,7,4,Tundra,8,Large,5,Omnivore,3,,,Gilled,Athletics:Proficient|Combat:Proficient|Focus:Proficient
Clobbopus,Fighting,5,7,6,5,5,3,Ocean,4,Small,1,Omnivore,2,Swimmer,Underdog,Gilled,Combat:Mastered|Guile:Proficient|Intuition:Proficient
Grapploct,Fighting,8,13,10,7,9,4,Ocean,7,Medium,3,Omnivore,3,Swimmer,,Gilled,Combat:Mastered|Guile:Proficient|Intuition:Proficient
Vulpix,Fire,4,4,4,5,7,7,"Forest, Mountain",2,Small,1,Omnivore,2,,Underdog,Tracker,Acrobatics:Proficient|Athletics:Inept|Charm:Proficient|Intuition:Proficient
Ninetales,Fire,7,8,8,8,10,10,"Forest, Mountain",4,Medium,2,Omnivore,3,,,Tracker,Acrobatics:Proficient|Athletics:Inept|Charm:Proficient|Intuition:Proficient
Growlithe,Fire,6,7,5,7,5,6,Grasslands,3,Small,2,Carnivore,2,,Underdog,Pack Mon|Tracker,Athletics:Proficient|Combat:Proficient|Focus:Inept|Perception:Mastered
Arcanine,Fire,9,11,8,10,8,10,Grasslands,8,Large,5,Carnivore,3,Jumper|Quick,Mountable,Pack Mon|Tracker,Athletics:Proficient|Combat:Proficient|Focus:Inept|Perception:Mastered
Ponyta,Fire,5,9,6,7,7,9,Grasslands,3,Medium,3,Herbivore,2,Jumper|Quick,Mountable|Underdog,Glow|Heater,Acrobatics:Proficient|Nature Edu:Proficient
Rapidash,Fire,7,10,7,8,8,11,Grasslands,6,Large,4,Herbivore,3,Jumper|Quick,Mountable,Glow|Heater,Acrobatics:Proficient|Athletics:Proficient|Nature Edu:Proficient
Slugma,Fire,5,5,5,8,5,2,Cave,3,Small,3,Terravore,2,Grounded|Slow,Underdog,Amorphous|Glow|Heater,Acrobatics:Inept|Focus:Proficient|Perception:Proficient
Magcargo,Fire|Rock,6,5,12,9,8,3,Cave,4,Small,4,Terravore,3,Grounded|Slow,Underdog,Glow|Heater,Acrobatics:Inept|Focus:Proficient|Perception:Proficient
Numel,Fire|Ground,6,6,4,7,5,4,"Desert, Mountain",5,Small,2,Herbivore,2,Slow,Underdog,Heater,Athletics:Proficient|Focus:Proficient
Camerupt,Fire|Ground,9,11,8,11,8,4,"Desert, Mountain",10,Large,6,Herbivore,3,,Mountable,Heater,Athletics:Proficient|Focus:Proficient
Pansear,Fire,5,5,5,5,5,6,"Forest, Grasslands",3,Small,1,Omnivore,2,Climber|Jumper,Underdog,,Acrobatics:Mastered|Focus:Proficient|Perception:Proficient
Simisear,Fire,9,10,6,10,6,10,"Forest, Grasslands",4,Medium,3,Omnivore,3,Climber|Jumper,,,Acrobatics:Mastered|Focus:Proficient|Perception:Proficient
Darumaka,Fire,7,9,5,2,5,5,"Cave, Desert",4,Small,3,Herbivore,2,,Underdog,Heater,Athletics:Mastered|Combat:Proficient|Focus:Proficient
Darmanitan,Fire,11,15,6,3,6,10,"Cave, Desert",8,Medium,4,Omnivore,3,,,Heater,Athletics:Mastered|Combat:Proficient|Focus:Proficient
Darmanitan Zen,Fire|Psychic,11,3,11,15,11,5,"Cave, Desert",8,Medium,4,Omnivore,3,Slow,Telekinetic,Mindlock|Telepath,Athletics:Mastered|Combat:Proficient|Focus:Proficient
Litleo,Fire|Normal,6,5,6,7,6,7,Grasslands,2,Small,2,Carnivore,2,,Underdog,Pack Mon|Tracker,Athletics:Proficient|Combat:Proficient
Pyroar,Fire|Normal,9,7,7,11,7,11,Grasslands,6,Medium,4,Carnivore,3,,Mountable,Pack Mon|Tracker,Athletics:Proficient|Combat:Proficient|Command:Proficient
Sizzlipede,Fire|Bug,5,7,5,5,5,5,Forest,1,Small,2,Carnivore,2,Climber,Threaded|Underdog,Heater,Acrobatics:Proficient|Stealth:Proficient
Centiskorch,Fire|Bug,10,12,7,9,9,7,Forest,7,Huge,5,Carnivore,3,Climber,Mountable|Threaded,Heater,Acrobatics:Proficient|Athletics:Proficient|Stealth:Proficient
Charcadet,Fire,5,6,4,6,4,5,Urban,4,Small,1,Omnivore,2,,Underdog,,Athletics:Proficient|Combat:Mastered|Focus:Proficient
Armarouge,Fire|Psychic,9,6,10,13,8,8,Urban,8,Medium,4,Omnivore,3,,Telekinetic,,Athletics:Proficient|Combat:Mastered|Focus:Proficient
Ceruledge,Fire|Ghost,8,13,8,6,10,9,Urban,8,Medium,2,Omnivore,3,,,Dead Silent,Athletics:Proficient|Combat:Mastered|Focus:Proficient
Noibat,Flying|Dragon,4,4,4,6,4,8,Cave,1,Small,1,Omnivore,2,Flier,Blindsense|Underdog,,Acrobatics:Mastered|Perception:Proficient|Stealth:Proficient
Noivern,Flying|Dragon,9,7,8,10,8,12,Cave,6,Medium,4,Omnivore,3,Flier|Quick,Blindsense,,Acrobatics:Mastered|Perception:Proficient|Stealth:Proficient
Wattrel,Flying|Electric,5,5,4,6,4,6,Ocean,1,Small,1,Omnivore,2,Flier,Underdog,,Acrobatics:Mastered|Intuition:Proficient|Perception:Proficient
Kilowattrel,Flying|Electric,7,7,6,12,6,13,Ocean,3,Medium,3,Omnivore,3,Flier,,,Acrobatics:Mastered|Intuition:Proficient|Perception:Proficient
Misdreavus,Ghost,6,6,6,9,9,9,Urban,2,Small,1,Nullivore,2,Flier|Phaser,Darkvision|Invisibility|Underdog,Dead Silent,Athletics:Inept|Focus:Proficient|Guile:Proficient|Stealth:Proficient
Mismagius,Ghost,6,6,6,11,11,11,Urban,3,Small,1,Nullivore,3,Flier|Phaser,Darkvision|Invisibility,Dead Silent,Athletics:Inept|Focus:Proficient|Guile:Proficient|Stealth:Proficient
Shuppet,Ghost,4,8,4,6,3,5,Urban,1,Small,1,Nullivore,2,Flier|Phaser,Darkvision|Invisibility|Underdog,Dead Silent,Guile:Proficient|Intimidate:Proficient|Stealth:Mastered
Banette,Ghost,9,12,8,8,7,7,Urban,2,Medium,2,Nullivore,3,Flier|Phaser,Darkvision|Invisibility,Dead Silent,Guile:Proficient|Intimidate:Proficient|Stealth:Mastered
Drifloon,Ghost|Flying,9,5,3,6,4,7,Urban,1,Small,1,Nullivore,2,Flier,Darkvision|Underdog,Dead Silent,Acrobatics:Proficient|Athletics:Inept|Combat:Inept|Intuition:Proficient|Stealth:Proficient
Drifblim,Ghost|Flying,15,9,4,10,5,8,Urban,5,Medium,2,Nullivore,3,Flier,Darkvision,Dead Silent,Acrobatics:Proficient|Combat:Inept|Intuition:Proficient|Stealth:Proficient
Yamask,Ghost,4,3,9,6,7,3,"Desert, Urban",2,Small,1,Terravore,2,Flier|Phaser,Darkvision|Invisibility|Underdog,Dead Silent,Focus:Mastered|Perception:Proficient|Stealth:Proficient
Cofagrigus,Ghost,6,5,15,10,12,3,"Desert, Urban",7,Medium,4,Terravore,3,Flier|Phaser,Darkvision|Invisibility,Dead Silent,Focus:Mastered|Perception:Proficient|Stealth:Proficient
Phantump,Ghost|Grass,4,7,5,5,6,4,Forest,1,Small,1,Nullivore,2,Flier|Phaser,Darkvision|Invisibility|Underdog,Dead Silent,Focus:Proficient|Stealth:Proficient
Trevenant,Ghost|Grass,11,11,8,7,8,6,Forest,6,Medium,4,Nullivore,3,Flier|Phaser,Darkvision|Invisibility,Dead Silent,Athletics:Proficient|Focus:Proficient|Stealth:Proficient
Pumpkaboo,Ghost|Grass,5,7,7,4,6,5,"Forest, Urban",1,Small,1,Nullivore,2,Flier|Phaser,Darkvision|Invisibility|Underdog,Dead Silent|Glow,Focus:Proficient|Intuition:Proficient
Gourgeist,Ghost|Grass,8,9,12,6,8,8,"Forest, Urban",3,Small,1,Nullivore,3,Flier|Phaser,Darkvision|Invisibility,Dead Silent|Glow,Focus:Proficient|Intuition:Proficient
Sandygast,Ghost|Ground,6,6,8,7,5,2,Desert,1,Small,4,Nullivore,2,Burrower|Grounded|Slow,Darkvision|Underdog,Amorphous|Dead Silent,Acrobatics:Inept|Perception:Proficient|Stealth:Proficient
Palossand,Ghost|Ground,9,8,12,10,8,4,Desert,4,Medium,6,Nullivore,3,Burrower|Grounded,Darkvision|Groundshaper,Amorphous|Dead Silent|Tremorsense,Acrobatics:Inept|Perception:Proficient|Stealth:Proficient
Sinistea,Ghost,4,5,5,7,5,5,Urban,1,Small,1,Nullivore,2,Flier|Phaser,Darkvision|Underdog,Amorphous|Dead Silent,Acrobatics:Proficient|Combat:Inept|Guile:Proficient|Stealth:Mastered
Polteageist,Ghost,6,7,7,13,11,7,Urban,1,Small,1,Nullivore,3,Flier|Phaser,Darkvision,Amorphous|Dead Silent,Acrobatics:Proficient|Combat:Inept|Guile:Proficient|Stealth:Mastered
Greavard,Ghost,5,6,6,3,6,4,Urban,3,Small,3,Carnivore,2,,Darkvision|Underdog,Glow|Tracker,Intuition:Proficient|Perception:Proficient|Stealth:Proficient
Houndstone,Ghost,8,10,10,5,10,8,Urban,5,Large,2,Carnivore,3,,Darkvision|Mountable,Glow|Soul Seer|Tracker,Intuition:Proficient|Perception:Proficient|Stealth:Proficient
Exeggcute,Grass|Psychic,6,4,8,6,5,4,Forest,1,Small,1,Phototroph,2,Slow,Underdog,,Acrobatics:Inept|Focus:Proficient|Perception:Proficient
Exeggutor,Grass|Psychic,10,10,9,13,8,6,Forest,6,Large,5,Phototroph,3,,,,Acrobatics:Inept|Athletics:Proficient|Focus:Proficient|Perception:Proficient
Alolan Exeggutor,Grass|Dragon,10,11,9,13,8,5,"Forest, Grasslands",6,Huge,6,Phototroph,3,Grounded,Reach,,Acrobatics:Inept|Athletics:Proficient|Focus:Proficient|Perception:Proficient
Tangela,Grass,7,6,12,10,4,6,"Forest, Grasslands",4,Medium,3,Phototroph,2,,Reach|Threaded|Underdog,,Athletics:Proficient|Focus:Proficient
Tangrowth,Grass,10,10,13,11,5,5,"Forest, Grasslands",7,Large,5,Phototroph,3,,Reach|Threaded,,Athletics:Proficient|Focus:Proficient
Sunkern,Grass,5,5,5,5,5,5,"Forest, Grasslands",1,Small,1,Phototroph,2,Slow,Underdog,,Focus:Proficient|Nature Edu:Proficient
Sunflora,Grass,9,9,7,12,10,4,"Forest, Grasslands",3,Small,1,Phototroph,3,,,,Focus:Proficient|Nature Edu:Proficient
Shroomish,Grass,6,5,6,5,6,5,Forest,2,Small,1,Phototroph,2,Slow,Underdog,,Athletics:Proficient|Combat:Proficient|Nature Edu:Proficient
Breloom,Grass|Fighting,8,13,9,6,8,7,Forest,6,Medium,3,Phototroph,3,,,,Athletics:Proficient|Combat:Proficient|Nature Edu:Proficient
Cacnea,Grass,5,9,4,9,4,4,Desert,1,Small,4,Phototroph,2,,Underdog,,Athletics:Proficient|Stealth:Proficient|Nature Edu:Proficient
Cacturne,Grass|Dark,9,14,7,14,7,7,Desert,5,Medium,4,Phototroph,3,,Darkvision,,Athletics:Proficient|Stealth:Proficient|Nature Edu:Proficient
Cherubi,Grass,5,5,5,6,5,4,"Forest, Grasslands",1,Small,1,Phototroph,2,Slow,Underdog,,Charm:Proficient|Focus:Proficient|Perception:Proficient
Cherrim,Grass,7,7,9,10,9,9,"Forest, Grasslands",3,Small,1,Phototroph,3,,,,Charm:Proficient|Focus:Proficient|Perception:Proficient
Snover,Grass|Ice,6,6,5,6,6,5,"Forest, Tundra",2,Medium,4,Phototroph,2,,Underdog,Chilled,Acrobatics:Inept|Athletics:Mastered|Combat:Proficient|Focus:Proficient|Nature Edu:Proficient
Abomasnow,Grass|Ice,10,9,8,9,9,6,"Forest, Tundra",10,Large,5,Phototroph,3,,,Chilled,Acrobatics:Inept|Athletics:Mastered|Combat:Proficient|Focus:Proficient|Nature Edu:Proficient
Pansage,Grass,5,5,5,5,5,6,"Forest, Grasslands",3,Small,1,Omnivore,2,Climber|Jumper,Underdog,,Acrobatics:Mastered|Focus:Proficient|Stealth:Proficient
Simisage,Grass,9,10,6,10,6,10,"Forest, Grasslands",4,Medium,3,Omnivore,3,Climber|Jumper,,,Acrobatics:Mastered|Focus:Proficient|Stealth:Proficient
Cottonee,Grass|Fairy,4,3,6,4,6,7,Grasslands,1,Small,1,Phototroph,2,Flier,Underdog,,Acrobatics:Proficient|Athletics:Inept|Guile:Proficient|Stealth:Proficient
Whimsicott,Grass|Fairy,6,7,9,9,8,12,Grasslands,2,Small,1,Phototroph,3,Flier,,,Acrobatics:Proficient|Athletics:Inept|Guile:Proficient|Stealth:Proficient
Petilil,Grass,5,4,5,7,5,4,"Forest, Grasslands",2,Small,1,Phototroph,2,,Underdog,Mender,Acrobatics:Proficient|Charm:Proficient|Focus:Proficient
Lilligant,Grass,8,6,8,12,8,9,"Forest, Grasslands",4,Medium,2,Phototroph,3,,,Alluring|Mender,Acrobatics:Proficient|Charm:Proficient|Focus:Proficient
Hisuian Lilligant,Grass|Fighting,8,12,8,6,7,10,"Forest, Grasslands",7,Medium,2,Phototroph,3,Jumper|Quick,,Alluring,Acrobatics:Mastered|Charm:Proficient|Focus:Proficient
Foongus,Grass|Poison,7,6,5,6,6,2,Forest,2,Small,1,Phototroph,2,Slow,,,Stealth:Proficient|Nature Edu:Proficient
Amoonguss,Grass|Poison,12,9,9,9,9,3,Forest,4,Small,1,Phototroph,3,,,,Stealth:Proficient|Nature Edu:Proficient
Ferroseed,Grass|Steel,4,5,9,2,9,1,"Cave, Forest",4,Small,2,"Phototroph, Terravore",2,Climber|Slow,Underdog,,Athletics:Proficient|Focus:Proficient|Nature Edu:Proficient
Ferrothorn,Grass|Steel,8,9,14,5,13,2,"Cave, Forest",7,Medium,5,"Phototroph, Terravore",3,Climber,Reach,,Athletics:Proficient|Focus:Proficient|Nature Edu:Proficient
Skiddo,Grass,7,7,5,6,6,5,"Forest, Grasslands",3,Small,3,Herbivore,2,Jumper,Mountable|Underdog,,Acrobatics:Proficient|Athletics:Mastered|Stealth:Proficient
Gogoat,Grass,12,10,6,10,8,7,"Forest, Grasslands",6,Medium,4,Herbivore,3,Jumper|Quick,Mountable,,Acrobatics:Proficient|Athletics:Mastered|Stealth:Proficient
Fomantis,Grass,4,7,4,6,4,5,Forest,2,Small,1,Omnivore,2,,Underdog,Alluring,Acrobatics:Proficient|Stealth:Proficient
Lurantis,Grass,7,12,9,8,9,6,Forest,4,Small,2,Omnivore,3,Quick,,Alluring,Acrobatics:Proficient|Stealth:Proficient
Morelull,Grass|Fairy,4,4,6,7,8,2,Forest,1,Small,1,Phototroph,2,Slow,Underdog,Glow,Focus:Proficient|Nature Edu:Proficient
Shiinotic,Grass|Fairy,6,5,8,9,10,3,Forest,3,Medium,2,Phototroph,3,,Underdog,Glow,Focus:Proficient|Stealth:Inept|Nature Edu:Proficient
Gossifleur,Grass,5,5,7,5,7,1,Grasslands,1,Small,1,Phototroph,2,Flier,Underdog,Alluring,Combat:Inept|Focus:Proficient|Intuition:Proficient|Nature Edu:Proficient
Eldegoss,Grass,7,5,10,9,13,7,Grasslands,1,Small,1,Phototroph,3,Flier,,Alluring,Combat:Inept|Focus:Proficient|Intuition:Proficient|Nature Edu:Proficient
Applin,Grass|Dragon,5,5,8,5,5,2,Forest,1,Small,1,Herbivore,1,Slow,Underdog,,Stealth:Proficient|Nature Edu:Proficient
Flapple,Grass|Dragon,7,12,8,10,6,8,Forest,1,Small,1,Herbivore,3,Flier,,,Acrobatics:Mastered|Combat:Proficient|Nature Edu:Proficient
Appletun,Grass|Dragon,11,9,9,10,9,3,Forest,2,Small,2,Herbivore,3,,,Alluring,Athletics:Proficient|Focus:Proficient|Nature Edu:Proficient
Dipplin,Grass|Dragon,8,8,11,10,8,4,Forest,1,Small,1,Herbivore,2,Slow,,Alluring,Stealth:Proficient
Hydrapple,Grass|Dragon,11,8,11,12,8,5,Forest,6,Medium,5,Herbivore,3,,Reach,Alluring,Athletics:Proficient
Capsakid,Grass,5,6,4,6,4,5,Forest,3,Small,1,Phototroph,2,,Underdog,,Athletics:Proficient|Focus:Proficient|Guile:Proficient
Scovillain,Grass|Fire,7,13,7,13,7,8,Forest,6,Small,2,Phototroph,3,,,,Athletics:Proficient|Focus:Proficient|Guile:Proficient
Bramblin,Grass|Ghost,5,7,3,5,4,6,Desert,2,Small,1,Nullivore,2,,Darkvision|Underdog,Breathless,Athletics:Inept|Focus:Proficient|Stealth:Proficient|Nature Edu:Proficient
Brambleghast,Grass|Ghost,7,12,7,8,7,10,Desert,4,Medium,1,Nullivore,3,Quick,Darkvision,Breathless,Athletics:Inept|Focus:Proficient|Stealth:Proficient|Nature Edu:Proficient
Sandshrew,Ground,5,8,9,2,3,4,Desert,3,Small,2,Omnivore,2,Burrower,Underdog,Tremorsense,Athletics:Proficient|Perception:Proficient
Sandslash,Ground,9,11,11,5,6,9,Desert,4,Medium,3,Omnivore,3,Burrower,Groundshaper,Tremorsense,Athletics:Proficient|Combat:Proficient|Perception:Proficient
Diglett,Ground,2,6,3,4,5,10,"Cave, Desert",1,Small,1,Herbivore,2,Burrower|Grounded|Quick,Underdog,Tremorsense,Stealth:Proficient|Nature Edu:Proficient
Dugtrio,Ground,4,10,5,5,7,12,"Cave, Desert",4,Small,3,Herbivore,3,Burrower|Grounded|Quick,Groundshaper|Underdog,Tremorsense,Stealth:Proficient|Nature Edu:Proficient
Cubone,Ground,5,5,10,4,5,4,"Cave, Grasslands",2,Small,1,Herbivore,2,,"Darkvision|Underdog|Wielder (Martial, Melee, Small)",,Athletics:Proficient|Combat:Proficient|Perception:Proficient
Marowak,Ground,6,8,11,5,8,5,"Cave, Grasslands",4,Medium,3,Herbivore,3,,"Darkvision|Underdog|Wielder (Martial, Melee, Small)",,Athletics:Proficient|Combat:Proficient|Perception:Proficient
Alolan Marowak,Fire|Ghost,6,8,11,5,8,5,"Cave, Mountain",4,Medium,3,Omnivore,3,,Darkvision|Underdog|Wielder (Melee),Glow,Acrobatics:Proficient|Combat:Proficient|Focus:Proficient
Gligar,Ground|Flying,7,8,11,4,7,9,Mountain,3,Medium,4,Carnivore,2,Climber|Glider,,,Acrobatics:Proficient|Perception:Proficient
Gliscor,Ground|Flying,8,10,13,5,8,10,Mountain,5,Large,3,Carnivore,3,Climber|Glider,,,Acrobatics:Proficient|Combat:Proficient|Perception:Proficient
Phanpy,Ground,9,6,6,4,4,4,"Grasslands, Mountain",4,Small,3,Herbivore,2,,Underdog,Tracker,Athletics:Proficient|Charm:Proficient|Focus:Proficient
Donphan,Ground,10,12,12,6,6,5,"Grasslands, Mountain",7,Medium,5,Omnivore,3,Quick,Mountable,Tracker,Athletics:Proficient|Focus:Proficient|Intimidate:Proficient
Baltoy,Ground|Psychic,4,4,6,4,7,6,"Cave, Desert",5,Small,2,Terravore,2,Flier,Underdog,Breathless|Dead Silent,Focus:Proficient|Perception:Mastered
Claydol,Ground|Psychic,6,7,11,7,12,8,"Cave, Desert",6,Medium,5,Terravore,3,Flier,,Breathless|Dead Silent,Focus:Proficient|Perception:Mastered
Hippopotas,Ground,7,7,8,4,4,3,Desert,5,Small,3,Herbivore,2,Burrower|Slow,Groundshaper|Underdog,Tremorsense,Acrobatics:Inept|Focus:Proficient|Perception:Proficient
Hippowdon,Ground,10,11,12,7,7,5,Desert,9,Large,6,Omnivore,3,Burrower,Groundshaper,Tremorsense,Acrobatics:Inept|Athletics:Proficient|Focus:Proficient|Perception:Proficient
Drilbur,Ground,6,9,4,3,5,7,"Cave, Desert",2,Small,1,Herbivore,2,Burrower|Quick,Underdog,Tremorsense,Athletics:Proficient|Combat:Proficient|Perception:Proficient
Excadrill,Ground|Steel,11,14,6,5,7,9,"Cave, Desert",6,Small,3,Herbivore,3,Burrower|Quick,Groundshaper,Tremorsense,Athletics:Proficient|Combat:Proficient|Perception:Proficient
Golett,Ground|Ghost,6,7,5,4,5,4,"Desert, Urban",7,Medium,4,Terravore,2,,Darkvision|Underdog,Breathless,Athletics:Proficient|Combat:Mastered|Focus:Proficient|Intuition:Inept
Golurk,Ground|Ghost,10,13,8,6,8,6,"Desert, Urban",14,Huge,6,Terravore,3,Flier,Darkvision|Groundshaper,Breathless,Athletics:Proficient|Combat:Mastered|Focus:Proficient|Intuition:Inept
Mudbray,Ground,7,10,7,5,6,5,"Grasslands, Mountain",8,Medium,5,Herbivore,2,,Mountable|Underdog,,Athletics:Mastered|Focus:Proficient|Nature Edu:Proficient
Mudsdale,Ground,10,13,10,6,9,4,"Grasslands, Mountain",13,Large,6,Herbivore,3,,Groundshaper|Mountable,,Athletics:Mastered|Focus:Proficient|Nature Edu:Proficient
Silicobra,Ground,5,6,8,4,5,5,Desert,2,Medium,1,Carnivore,2,Burrower,Underdog,,Acrobatics:Proficient|Stealth:Proficient
Sandaconda,Ground,7,11,13,7,7,7,Desert,5,Large,4,Carnivore,3,Burrower,,,Acrobatics:Proficient|Athletics:Proficient|Stealth:Proficient
Smoochum,Ice|Psychic,5,3,2,9,7,7,Tundra,1,Small,1,Omnivore,2,Slow,Underdog,,Combat:Inept|Focus:Proficient|Perception:Proficient
Jynx,Ice|Psychic,7,5,5,13,11,10,Tundra,4,Medium,3,Omnivore,3,,Telekinetic,,Focus:Proficient|Perception:Proficient
Snorunt,Ice,5,5,5,5,5,5,"Cave, Tundra",1,Small,2,Nullivore,2,Slow,Underdog,Chilled,Focus:Proficient|Stealth:Proficient
Glalie,Ice,9,9,9,8,8,8,"Cave, Tundra",5,Medium,6,Carnivore,3,Flier,Darkvision,Chilled|Dead Silent,Focus:Proficient|Intimidate:Proficient|Stealth:Proficient
Froslass,Ice|Ghost,7,8,7,10,7,12,"Cave, Tundra",3,Medium,3,Nullivore,3,Flier,Darkvision,Chilled|Dead Silent|Illusionist,Charm:Proficient|Focus:Proficient|Stealth:Proficient
Cubchoo,Ice,6,7,4,6,4,4,Tundra,2,Small,1,Omnivore,2,,Underdog,Chilled,Acrobatics:Proficient|Athletics:Mastered|Charm:Proficient
Beartic,Ice,10,13,8,7,8,5,Tundra,9,Large,6,Omnivore,3,Swimmer,,Chilled,Acrobatics:Proficient|Athletics:Mastered|Command:Proficient|Intimidate:Proficient
Bergmite,Ice,6,7,9,3,4,3,Tundra,3,Medium,4,Terravore,2,Slow,Underdog,Chilled,Nature Edu:Proficient
Avalugg,Ice,10,12,18,4,5,3,Tundra,8,Huge,6,Terravore,3,,Mountable,Chilled,Athletics:Mastered|Combat:Proficient|Nature Edu:Proficient
Hisuian Avalugg,Ice|Rock,10,12,18,4,5,3,Tundra,8,Huge,6,Terravore,3,,Mountable,Chilled,Athletics:Mastered|Combat:Proficient
Snom,Ice|Bug,6,4,5,7,5,3,Tundra,1,Small,1,Herbivore,2,Climber|Slow,Threaded|Underdog,Chilled,Athletics:Inept|Combat:Inept|Focus:Proficient|Perception:Proficient|Stealth:Proficient
Frosmoth,Ice|Bug,7,7,6,14,10,7,Tundra,3,Medium,1,Herbivore,3,Climber|Flier,Threaded,Chilled,Acrobatics:Proficient|Athletics:Inept|Focus:Proficient|Perception:Proficient
Cetoddle,Ice,11,7,5,3,4,4,Tundra,5,Medium,3,Carnivore,2,,Underdog,,Athletics:Proficient|Focus:Proficient|Nature Edu:Proficient
Cetitan,Ice,17,11,7,5,6,7,Tundra,12,Huge,6,Carnivore,3,Swimmer,Mountable,,Athletics:Proficient|Focus:Proficient|Nature Edu:Proficient
Rattata,Normal,4,7,4,4,4,7,"Grasslands, Urban",1,Small,1,Omnivore,2,Quick,Underdog,,Athletics:Inept|Perception:Proficient|Stealth:Proficient|Nature Edu:Proficient
Raticate,Normal,6,8,6,5,7,10,"Grasslands, Urban",3,Small,2,Omnivore,3,Quick,Underdog,Tracker,Perception:Proficient|Stealth:Proficient|Nature Edu:Proficient
Spearow,Normal|Flying,5,6,4,4,4,7,Mountain,1,Small,1,Omnivore,2,Flier,Underdog,,Acrobatics:Proficient|Combat:Proficient|Perception:Proficient
Fearow,Normal|Flying,8,11,8,6,6,12,Mountain,5,Medium,3,Omnivore,3,Flier,Mountable,,Acrobatics:Proficient|Combat:Proficient|Perception:Proficient
Meowth,Normal,4,5,4,4,4,9,Urban,2,Small,1,Carnivore,2,,Underdog,Tracker,Acrobatics:Proficient|Athletics:Inept|Perception:Proficient|Stealth:Proficient
Persian,Normal,7,9,7,9,7,12,Urban,3,Medium,3,Carnivore,3,,,Pack Mon|Tracker,Acrobatics:Proficient|Perception:Proficient|Stealth:Proficient
Doduo,Normal|Flying,4,9,5,4,4,8,Grasslands,4,Medium,3,Herbivore,2,Jumper|Quick,Underdog,,Acrobatics:Proficient|Athletics:Proficient|Focus:Inept|Perception:Mastered
Dodrio,Normal|Flying,6,12,8,6,7,12,Grasslands,7,Medium,4,Herbivore,3,Jumper|Quick,Mountable,,Acrobatics:Proficient|Athletics:Proficient|Focus:Inept|Perception:Mastered
Lickitung,Normal,9,6,8,6,8,3,"Forest, Grasslands",2,Medium,4,Omnivore,2,,Reach|Underdog,,Athletics:Proficient|Focus:Proficient
Lickilicky,Normal,11,9,10,8,10,5,"Forest, Grasslands",5,Medium,5,Omnivore,3,,Reach,,Athletics:Proficient|Focus:Proficient
Munchlax,Normal,14,9,4,4,9,1,"Forest, Mountain",4,Small,4,Omnivore,2,Slow,Underdog,Tracker,Acrobatics:Inept|Athletics:Mastered|Perception:Proficient|Nature Edu:Proficient
Snorlax,Normal,16,11,7,7,11,3,"Forest, Mountain",12,Large,6,Omnivore,3,Slow,,Tracker,Acrobatics:Inept|Athletics:Mastered|Perception:Proficient|Nature Edu:Proficient
Sentret,Normal,5,6,5,5,6,3,"Forest, Grasslands",1,Small,1,Herbivore,2,,Underdog,,Acrobatics:Proficient|Athletics:Inept|Perception:Mastered|Nature Edu:Proficient
Furret,Normal,9,8,6,5,6,9,"Forest, Grasslands",3,Medium,3,Herbivore,3,Quick,Underdog,Tracker,Acrobatics:Proficient|Perception:Mastered|Nature Edu:Proficient
Hoothoot,Normal|Flying,6,3,4,5,7,5,Forest,1,Small,2,Carnivore,2,Flier|Jumper,Darkvision|Underdog,,Acrobatics:Proficient|Athletics:Inept|Combat:Inept|Focus:Mastered|Stealth:Proficient|Nature Edu:Proficient
Noctowl,Normal|Flying,10,5,5,9,10,7,Forest,3,Medium,3,Carnivore,3,Flier|Jumper,Darkvision,Dead Silent,Acrobatics:Proficient|Combat:Inept|Focus:Mastered|Stealth:Proficient|Nature Edu:Proficient
Aipom,Normal,6,7,6,5,6,9,Forest,2,Small,2,Omnivore,2,Climber|Jumper|Quick,Underdog,,Acrobatics:Mastered|Athletics:Proficient|Focus:Inept|Guile:Proficient|Perception:Proficient
Ambipom,Normal,8,11,7,6,7,12,Forest,4,Medium,2,Omnivore,3,Climber|Jumper|Quick,,,Acrobatics:Mastered|Athletics:Proficient|Focus:Inept|Guile:Proficient|Perception:Proficient
Teddiursa,Normal,6,8,5,5,5,4,"Cave, Mountain",1,Small,1,Omnivore,2,,Underdog,Tracker,Perception:Proficient
Ursaring,Normal,9,13,8,8,8,6,"Cave, Mountain",8,Medium,5,Omnivore,3,Swimmer,,Tracker,Athletics:Proficient|Combat:Proficient|Intimidate:Proficient
Ursaluna,Normal|Ground,13,12,10,4,7,5,"Cave, Wetlands",9,Large,6,Omnivore,3,Burrower|Swimmer,Groundshaper,Tracker|Tremorsense,Athletics:Proficient|Combat:Proficient|Intimidate:Proficient
Ursaluna (Blood Moon),Normal|Ground,11,7,12,14,7,5,"Cave, Wetlands",9,Large,6,Omnivore,3,Burrower|Swimmer,Groundshaper,Mindlock|Tracker|Tremorsense,Athletics:Proficient|Combat:Mastered|Intimidate:Proficient
Girafarig,Normal|Psychic,8,8,7,11,7,10,Grasslands,4,Medium,3,Herbivore,2,,Mountable,,Acrobatics:Proficient|Focus:Mastered|Perception:Proficient
Farigiraf,Normal|Psychic,13,11,8,12,8,6,Grasslands,5,Huge,5,Herbivore,3,,Mountable,,Athletics:Proficient|Focus:Mastered|Perception:Proficient
Dunsparce,Normal,10,7,7,7,7,5,Cave,1,Medium,2,Herbivore,2,Burrower|Swimmer,Darkvision,,Intuition:Inept|Stealth:Mastered
Dudunsparce,Normal,13,10,8,9,8,6,Cave,2,Huge,3,Herbivore,3,Burrower|Swimmer,Darkvision,,Intuition:Inept|Stealth:Mastered
Stantler,Normal,7,9,6,8,7,7,"Grasslands, Tundra",4,Medium,4,Herbivore,2,Jumper|Quick,Underdog,Tracker,Acrobatics:Proficient|Focus:Mastered|Intuition:Proficient
Wyrdeer,Normal|Psychic,10,9,6,11,9,8,"Grasslands, Tundra",5,Medium,4,Herbivore,3,Jumper|Quick,Mountable,Premonition|Tracker,Acrobatics:Proficient|Focus:Mastered|Intuition:Proficient
Zigzagoon,Normal,5,4,5,4,5,7,"Forest, Grasslands",1,Small,2,Herbivore,2,Jumper,Underdog,Tracker,Acrobatics:Proficient|Focus:Mastered|Intuition:Proficient
Linoone,Normal,8,7,6,5,6,10,"Forest, Grasslands",3,Small,3,Herbivore,3,Jumper|Quick,Underdog,Tracker,Acrobatics:Proficient|Perception:Proficient|Nature Edu:Proficient
Taillow,Normal|Flying,4,6,4,3,4,9,Grasslands,1,Small,1,Omnivore,2,Flier,Underdog,,Acrobatics:Proficient|Focus:Proficient|Perception:Proficient
Swellow,Normal|Flying,7,9,7,8,7,13,Grasslands,3,Small,2,Omnivore,3,Flier,,,Acrobatics:Proficient|Focus:Proficient|Perception:Proficient
Skitty,Normal,5,5,5,5,5,5,Grasslands,1,Small,1,Omnivore,2,,Underdog,Tracker,Athletics:Inept|Charm:Proficient|Focus:Proficient|Perception:Proficient
Delcatty,Normal,7,7,7,6,6,9,Grasslands,2,Medium,3,Omnivore,3,,Underdog,Tracker,Athletics:Inept|Charm:Proficient|Focus:Proficient|Perception:Proficient
Swablu,Normal|Flying,5,4,6,4,8,5,Mountain,1,Small,1,Herbivore,2,Flier,Underdog,,Acrobatics:Mastered|Combat:Inept|Intuition:Proficient|Perception:Proficient
Altaria,Dragon|Flying,9,7,9,7,11,8,Mountain,4,Medium,2,Herbivore,3,Flier,,,Acrobatics:Mastered|Combat:Inept|Intuition:Proficient|Perception:Proficient
Bidoof,Normal,7,7,4,4,4,4,"Grasslands, Wetlands",1,Small,2,Herbivore,2,Swimmer,Underdog,,Athletics:Proficient|Focus:Proficient|Nature Edu:Proficient
Bibarel,Normal|Water,8,9,6,6,6,6,"Grasslands, Wetlands",3,Medium,3,Herbivore,3,Swimmer,,,Athletics:Proficient|Focus:Proficient|Nature Edu:Proficient
Buneary,Normal,6,7,4,5,6,9,Grasslands,1,Small,1,Herbivore,2,Jumper,Underdog,,Acrobatics:Mastered|Charm:Proficient|Combat:Proficient|Command:Proficient|Intuition:Inept
Lopunny,Normal,7,9,8,5,10,12,Grasslands,2,Medium,3,Herbivore,3,Jumper,,,Acrobatics:Mastered|Charm:Proficient|Combat:Proficient|Command:Proficient|Intuition:Inept
Glameow,Normal,5,6,4,4,4,9,"Grasslands, Urban",1,Small,1,Carnivore,2,Quick,Underdog,,Acrobatics:Proficient|Athletics:Inept|Guile:Proficient|Stealth:Proficient
Purugly,Normal,7,8,6,6,6,11,"Grasslands, Urban",2,Medium,3,Carnivore,3,Quick,Underdog,Tracker,Acrobatics:Proficient|Guile:Proficient|Stealth:Proficient
Patrat,Normal,6,6,4,4,5,5,Grasslands,2,Small,2,Herbivore,2,,Underdog,Tracker,Acrobatics:Proficient|Intuition:Proficient|Perception:Mastered
Watchog,Normal,6,9,7,6,7,8,Grasslands,3,Medium,3,Herbivore,3,,,Tracker,Acrobatics:Proficient|Intuition:Proficient|Perception:Mastered
Minccino,Normal,6,5,4,4,4,8,"Grasslands, Urban",1,Small,1,Herbivore,2,,Underdog,,Acrobatics:Proficient|Charm:Proficient
Cinccino,Normal,8,11,6,8,6,12,"Grasslands, Urban",2,Small,1,Herbivore,3,,,,Acrobatics:Proficient|Charm:Proficient
Deerling,Normal|Grass,6,6,5,4,5,8,"Forest, Grasslands",2,Small,2,Herbivore,2,,Underdog,Pack Mon,Acrobatics:Proficient|Charm:Proficient|Combat:Inept|Stealth:Proficient
Sawsbuck,Normal|Grass,9,10,8,6,8,10,"Forest, Grasslands",5,Large,4,Herbivore,3,,Mountable,Pack Mon,Acrobatics:Proficient|Athletics:Proficient|Stealth:Proficient
Rufflet,Normal|Flying,7,8,5,4,5,6,Mountain,2,Small,1,Carnivore,2,Flier,Underdog,,Acrobatics:Proficient|Athletics:Proficient|Combat:Proficient
Braviary,Normal|Flying,10,12,8,6,8,8,Mountain,6,Medium,3,Carnivore,3,Flier|Quick,Mountable,,Acrobatics:Proficient|Athletics:Proficient|Combat:Proficient
Hisuian Braviary,Normal|Psychic,11,6,8,11,9,7,Mountain,6,Medium,3,Omnivore,3,Flier|Quick,Mountable|Telekinetic,,Acrobatics:Proficient|Combat:Proficient|Focus:Mastered
Bunnelby,Normal,5,5,5,4,5,6,"Grasslands, Mountain",2,Small,1,Herbivore,2,Burrower|Jumper,Underdog,,Acrobatics:Proficient|Athletics:Mastered|Combat:Proficient
Diggersby,Normal|Ground,9,6,8,5,8,8,"Grasslands, Mountain",3,Medium,3,Herbivore,3,Burrower|Jumper,Groundshaper|Underdog,Tremorsense,Acrobatics:Proficient|Athletics:Mastered|Combat:Proficient
Yungoos,Normal,6,7,4,4,4,5,Grasslands,1,Small,1,Carnivore,2,,Underdog,Tracker,Focus:Proficient|Perception:Mastered|Stealth:Proficient
Gumshoos,Normal,9,11,6,6,6,5,Grasslands,3,Small,2,Carnivore,3,,Underdog,Tracker,Focus:Proficient|Perception:Mastered|Stealth:Proficient
Stufful,Normal|Fighting,7,8,5,5,5,5,Forest,6,Small,1,Omnivore,2,,Underdog,,Athletics:Mastered|Charm:Proficient|Combat:Proficient
Bewear,Normal|Fighting,12,13,8,6,6,6,Forest,11,Large,5,Omnivore,3,,,,Athletics:Mastered|Charm:Proficient|Combat:Proficient|Intimidate:Proficient|Intuition:Inept
Skwovet,Normal,7,6,6,5,4,3,Forest,2,Small,1,Herbivore,2,Climber,Underdog,,Acrobatics:Proficient|Athletics:Proficient|Perception:Proficient
Greedent,Normal,13,10,11,6,9,2,Forest,3,Small,1,Herbivore,3,Climber,,,Acrobatics:Proficient|Athletics:Proficient|Perception:Proficient
Wooloo,Normal,5,4,6,4,6,5,Grasslands,4,Small,1,Herbivore,2,,Underdog,,Acrobatics:Proficient|Athletics:Proficient|Intuition:Proficient
Dubwool,Normal,7,8,11,6,10,9,Grasslands,7,Medium,3,Herbivore,3,,,,Acrobatics:Proficient|Athletics:Proficient|Intuition:Proficient
Lechonk,Normal,8,5,4,4,5,4,"Grasslands, Wetlands",2,Small,1,Omnivore,2,,Underdog,Tracker,Athletics:Proficient|Perception:Proficient|Nature Edu:Proficient
Oinkologne Female,Normal,13,9,7,6,9,7,"Grasslands, Wetlands",4,Medium,5,Omnivore,3,,,Alluring|Tracker,Athletics:Proficient|Perception:Proficient|Nature Edu:Proficient
Oinkologne Male,Normal,12,10,8,6,8,7,"Grasslands, Wetlands",4,Medium,5,Omnivore,3,,,Alluring|Tracker,Athletics:Proficient|Perception:Proficient|Nature Edu:Proficient
Tandemaus,Normal,5,5,5,4,5,8,Urban,2,Small,1,Omnivore,2,,Underdog,,Athletics:Inept|Charm:Proficient|Perception:Proficient
Maushold,Normal,7,9,7,7,9,12,Urban,4,Small,1,Omnivore,3,,,,Athletics:Inept|Charm:Proficient|Perception:Proficient
Ekans,Poison,4,6,4,6,5,6,Grasslands,1,Medium,1,Carnivore,2,,Darkvision|Underdog,,Combat:Proficient|Focus:Proficient|Stealth:Mastered
Arbok,Poison,8,12,8,7,8,8,Grasslands,3,Large,4,Carnivore,3,,Darkvision,,Combat:Proficient|Focus:Proficient|Stealth:Mastered
Grimer,Poison,8,8,5,4,5,3,"Wetlands, Urban",2,Small,3,Terravore,2,Grounded|Slow,Underdog,Amorphous|Dead Silent|Repulsive,Focus:Proficient|Perception:Proficient|Stealth:Proficient
Muk,Poison,11,11,8,7,10,5,"Wetlands, Urban",3,Medium,3,Terravore,3,Grounded|Slow,,Amorphous|Dead Silent|Repulsive,Focus:Proficient|Perception:Proficient|Stealth:Proficient
Koffing,Poison,4,7,10,6,5,4,Urban,1,Small,1,Nullivore,2,Flier,Underdog,Repulsive,Athletics:Proficient|Focus:Proficient
Weezing,Poison,8,9,12,9,7,6,Urban,4,Medium,1,Nullivore,3,Flier,,Repulsive,Athletics:Proficient|Focus:Proficient
Galarian Weezing,Poison|Fairy,7,9,12,9,7,6,Urban,4,Huge,2,Nullivore,3,Flier,,,Focus:Proficient|Stealth:Inept
Gulpin,Poison,8,4,5,4,5,4,Wetlands,1,Small,1,Omnivore,2,Climber|Grounded|Slow,Underdog,Amorphous,Athletics:Inept|Focus:Proficient|Nature Edu:Proficient
Swalot,Poison,13,8,8,8,8,6,Wetlands,3,Medium,4,Omnivore,3,Climber|Grounded,,Amorphous,Focus:Proficient|Nature Edu:Proficient
Stunky,Poison|Dark,6,6,5,4,4,7,Grasslands,2,Small,2,Herbivore,2,,Darkvision|Underdog,Repulsive,Perception:Proficient
Skuntank,Poison|Dark,10,10,7,10,6,8,Grasslands,6,Medium,3,Herbivore,3,,Darkvision,Repulsive,Athletics:Proficient|Perception:Proficient
Skorupi,Poison|Bug,4,5,9,3,6,7,"Desert, Forest",2,Small,2,Carnivore,2,Slow,Underdog,,Athletics:Proficient|Combat:Proficient|Stealth:Proficient
Drapion,Poison|Dark,7,9,11,6,8,10,"Desert, Forest",7,Medium,4,Carnivore,3,,Darkvision,,Athletics:Proficient|Combat:Proficient|Stealth:Proficient
Croagunk,Poison|Fighting,5,6,4,6,4,5,Wetlands,3,Small,2,Herbivore,2,Jumper|Swimmer,Underdog,,Acrobatics:Proficient|Athletics:Proficient|Stealth:Proficient
Toxicroak,Poison|Fighting,8,11,7,9,7,9,Wetlands,8,Medium,3,Herbivore,3,Jumper|Swimmer,,,Acrobatics:Proficient|Athletics:Proficient|Stealth:Proficient
Trubbish,Poison,5,5,6,4,6,7,Urban,2,Small,3,Terravore,2,Slow,Underdog,Repulsive,Acrobatics:Inept|Athletics:Proficient|Stealth:Proficient|Nature Edu:Proficient
Garbodor,Poison,8,11,9,6,9,8,Urban,6,Large,5,Terravore,3,,,Repulsive,Acrobatics:Inept|Athletics:Proficient|Stealth:Proficient|Nature Edu:Proficient
Skrelp,Poison|Water,5,6,6,6,6,3,Ocean,1,Small,1,Carnivore,2,Swimmer,Underdog,Gilled,Acrobatics:Proficient|Stealth:Proficient|Nature Edu:Proficient
Dragalge,Poison|Dragon,7,8,9,11,12,4,Ocean,6,Medium,4,Carnivore,3,Swimmer,Mountable,Gilled,Acrobatics:Proficient|Stealth:Proficient|Nature Edu:Proficient
Mareanie,Poison|Water,5,5,6,4,5,5,"Ocean, Wetlands",1,Small,1,"Carnivore, Terravore",2,Slow|Swimmer,Underdog,Gilled,Acrobatics:Inept|Focus:Proficient|Stealth:Proficient
Toxapex,Poison|Water,5,7,15,5,15,4,"Ocean, Wetlands",4,Small,2,"Carnivore, Terravore",3,Swimmer,,Gilled,Acrobatics:Inept|Focus:Proficient|Stealth:Proficient
Salandit,Poison|Fire,5,4,4,7,4,8,Mountain,3,Small,1,Carnivore,2,,Underdog,Alluring|Pack Mon,Stealth:Proficient
Salazzle,Poison|Fire,8,6,6,12,7,12,Mountain,4,Medium,2,Carnivore,3,,,Alluring|Pack Mon,Charm:Proficient|Guile:Proficient|Stealth:Proficient
Shroodle,Poison|Normal,4,7,4,4,4,8,Forest,1,Small,1,Omnivore,2,Climber|Slow,Underdog,,Acrobatics:Proficient|Athletics:Inept|Focus:Proficient|Guile:Proficient
Grafaiai,Poison|Normal,6,11,7,8,7,12,Forest,5,Small,3,Omnivore,3,Climber|Jumper|Quick,,,Acrobatics:Proficient|Athletics:Inept|Focus:Proficient|Guile:Proficient
Varoom,Poison|Steel,5,7,6,3,5,5,Urban,6,Medium,3,Nullivore,2,Flier,Underdog,Breathless|Engine|Magnetic,Focus:Proficient|Nature Edu:Proficient
Revavroom,Poison|Steel,8,12,9,5,8,9,Urban,10,Medium,5,Nullivore,3,Flier,Mountable,Breathless|Engine|Magnetic,Focus:Proficient|Nature Edu:Proficient
Drowzee,Psychic,6,5,5,4,9,4,"Grasslands, Urban",4,Medium,3,Herbivore,2,,Underdog,Dream Reader|Mindlock,Focus:Mastered|Intuition:Proficient|Perception:Proficient
Hypno,Psychic,9,7,7,8,13,7,"Grasslands, Urban",6,Medium,7,Herbivore,3,,,Dream Reader|Illusionist|Mindlock,Focus:Mastered|Intuition:Proficient|Perception:Proficient
Mime Jr.,Psychic|Fairy,2,3,5,7,9,6,Urban,2,Small,2,Omnivore,2,Slow,Underdog|Wallshaper,,Focus:Mastered|Intuition:Proficient|Perception:Proficient
Mr. Mime,Psychic|Fairy,5,5,8,11,13,9,Urban,5,Medium,4,Omnivore,3,,Telekinetic|Wallshaper,Telepath,Focus:Mastered|Intuition:Proficient|Perception:Proficient
Galarian Mr. Mime,Ice|Psychic,6,7,8,10,10,10,Tundra,5,Medium,4,Omnivore,3,,Telekinetic|Wallshaper,Chilled|Telepath,Acrobatics:Proficient|Focus:Mastered|Intuition:Proficient
Mr. Rime,Ice|Psychic,9,9,8,11,11,8,Tundra,6,Medium,4,Omnivore,3,,Telekinetic|Wallshaper,Chilled|Telepath,Acrobatics:Proficient|Focus:Mastered|Intuition:Proficient
Natu,Psychic|Flying,4,5,5,7,5,7,"Forest, Mountain",1,Small,1,Herbivore,2,Flier|Jumper|Slow,Underdog,,Combat:Inept|Focus:Proficient|Intuition:Proficient|Perception:Mastered
Xatu,Psychic|Flying,8,8,7,11,7,10,"Forest, Mountain",2,Medium,2,Herbivore,3,Flier|Jumper,,Premonition|Telepath,Combat:Inept|Focus:Proficient|Intuition:Proficient|Perception:Mastered
Wynaut,Psychic,10,3,5,4,5,3,Urban,2,Small,2,Herbivore,2,Slow,Underdog,,Athletics:Inept|Combat:Proficient|Focus:Proficient|Intuition:Inept|Nature Edu:Mastered
Wobbuffet,Psychic,19,5,7,8,7,5,Urban,3,Medium,3,Herbivore,3,Slow,,,Athletics:Inept|Combat:Proficient|Focus:Proficient|Intuition:Inept|Nature Edu:Mastered
Spoink,Psychic,6,3,4,7,8,6,"Forest, Grasslands",1,Small,3,Herbivore,2,Jumper,Underdog,Telepath,Acrobatics:Proficient|Focus:Proficient
Grumpig,Psychic,8,5,7,10,12,9,"Forest, Grasslands",5,Small,4,Herbivore,3,Jumper,,Telepath,Acrobatics:Proficient|Athletics:Proficient|Focus:Proficient
Chingling,Psychic,5,3,5,7,5,5,"Cave, Urban",1,Small,1,Herbivore,2,Flier,Underdog,,Athletics:Inept|Focus:Mastered|Intuition:Proficient|Perception:Proficient
Chimecho,Psychic,9,5,9,11,10,7,"Cave, Urban",1,Small,1,Herbivore,3,Flier,,,Athletics:Inept|Focus:Mastered|Intuition:Proficient|Perception:Proficient
Munna,Psychic,8,3,5,7,6,2,"Space, Urban",1,Small,2,Herbivore,2,Flier,Telekinetic|Underdog,Dream Reader|Telepath,Combat:Inept|Focus:Proficient|Perception:Proficient
Musharna,Psychic,12,6,9,11,10,3,"Space, Urban",5,Medium,4,Herbivore,3,Flier,Telekinetic,Dream Reader|Telepath,Combat:Inept|Focus:Proficient|Perception:Proficient
Woobat,Psychic|Flying,7,5,4,6,4,7,Cave,1,Small,1,Herbivore,2,Flier,Darkvision|Underdog,Tracker,Acrobatics:Proficient|Focus:Proficient|Perception:Proficient
Swoobat,Psychic|Flying,7,6,6,8,6,11,Cave,3,Small,1,Herbivore,3,Flier,Darkvision|Telekinetic,Tracker,Acrobatics:Proficient|Focus:Proficient|Perception:Proficient
Elgyem,Psychic,6,6,6,9,6,3,"Space, Urban",1,Small,1,Nullivore,2,Flier|Teleporter,Telekinetic|Underdog,Telepath,Athletics:Inept|Focus:Mastered|Gen Edu:Proficient|Occult Edu:Proficient|Tech Edu:Proficient
Beheeyem,Psychic,8,8,8,13,10,4,"Space, Urban",3,Medium,3,Nullivore,3,Flier|Teleporter,Telekinetic,Telepath,Athletics:Inept|Focus:Mastered|Gen Edu:Proficient|Occult Edu:Proficient|Tech Edu:Proficient
Espurr,Psychic,6,5,5,6,6,7,"Grasslands, Urban",1,Small,1,Carnivore,2,,Telekinetic|Underdog,Telepath,Focus:Mastered|Intuition:Proficient|Perception:Proficient
Meowstic Male,Psychic,8,5,9,9,9,11,"Grasslands, Urban",2,Small,1,Carnivore,3,,Telekinetic,Telepath,Focus:Mastered|Guile:Proficient|Intuition:Proficient|Perception:Proficient
Meowstic Female,Psychic,8,5,9,11,9,9,"Grasslands, Urban",2,Small,1,Carnivore,3,,Telekinetic,Telepath,Command:Proficient|Focus:Mastered|Intuition:Proficient|Perception:Proficient
Flittle,Psychic,4,4,3,8,3,8,"Desert, Grasslands",2,Small,1,Omnivore,2,Flier,Telekinetic|Underdog,,Acrobatics:Proficient|Athletics:Inept|Focus:Proficient|Perception:Proficient
Espathra,Psychic,11,6,6,11,6,11,"Desert, Grasslands",8,Large,4,Omnivore,3,Jumper|Quick,Telekinetic,,Acrobatics:Proficient|Focus:Proficient|Perception:Proficient
Onix,Rock|Ground,4,5,16,3,5,7,Cave,10,Huge,6,Terravore,2,Burrower,Groundshaper|Mountable|Reach|Underdog,Tremorsense,Athletics:Proficient|Focus:Proficient|Intimidate:Proficient
Steelix,Steel|Ground,8,9,20,6,7,3,Cave,14,Huge,6,Terravore,3,Burrower,Groundshaper|Mountable|Reach,Tremorsense,Athletics:Proficient|Focus:Proficient|Intimidate:Proficient
Omanyte,Rock|Water,4,4,10,9,6,4,Ocean,1,Small,1,Herbivore,2,Slow|Swimmer,Underdog,Gilled,Focus:Proficient|Nature Edu:Proficient
Omastar,Rock|Water,7,6,13,12,7,6,Ocean,4,Medium,3,Omnivore,3,Swimmer,,Gilled,Focus:Proficient|Nature Edu:Proficient
Kabuto,Rock|Water,3,8,9,6,5,6,"Cave, Ocean",2,Small,2,Herbivore,2,Slow|Swimmer,Underdog,Gilled,Acrobatics:Inept|Focus:Proficient|Stealth:Proficient
Kabutops,Rock|Water,6,12,11,7,7,8,"Cave, Ocean",5,Medium,2,Omnivore,3,Climber|Swimmer,,Gilled,Focus:Proficient|Stealth:Proficient
Nosepass,Rock,3,5,14,5,9,4,Cave,7,Medium,4,Terravore,2,Slow,Underdog,Magnetic,Acrobatics:Inept|Athletics:Proficient|Focus:Proficient
Probopass,Rock|Steel,6,6,15,8,15,4,Cave,11,Medium,6,Terravore,3,Flier|Slow,,Magnetic,Acrobatics:Inept|Athletics:Proficient|Focus:Proficient
Lileep,Rock|Grass,7,4,8,6,9,2,Cave,4,Medium,2,Carnivore,2,Grounded|Slow,Reach|Underdog,Gilled,Acrobatics:Inept|Focus:Proficient|Intuition:Proficient
Cradily,Rock|Grass,9,8,11,8,11,4,Cave,8,Medium,4,Carnivore,3,Grounded|Slow,Reach,Gilled,Acrobatics:Inept|Focus:Proficient|Intuition:Proficient
Anorith,Rock|Bug,5,10,5,4,5,8,"Cave, Ocean",2,Small,2,Omnivore,2,Slow|Swimmer,Underdog,Gilled,Athletics:Proficient|Combat:Proficient|Focus:Mastered
Armaldo,Rock|Bug,8,13,10,7,8,5,"Cave, Ocean",6,Medium,4,Omnivore,3,Swimmer,,Gilled,Athletics:Proficient|Combat:Proficient|Focus:Mastered
Cranidos,Rock,7,13,4,3,3,6,Desert,5,Small,3,Carnivore,2,,Underdog,,Athletics:Proficient|Combat:Proficient|Nature Edu:Proficient
Rampardos,Rock,10,17,6,7,5,6,Desert,10,Medium,5,Carnivore,3,,Mountable,,Athletics:Proficient|Combat:Proficient|Intimidate:Proficient|Nature Edu:Proficient
Shieldon,Rock|Steel,3,4,12,4,9,3,"Cave, Mountain",5,Small,4,Herbivore,2,,Underdog,,Acrobatics:Inept|Athletics:Proficient|Intuition:Proficient|Nature Edu:Proficient
Bastiodon,Rock|Steel,6,5,17,5,15,3,"Cave, Mountain",8,Medium,5,Herbivore,3,,Mountable,,Acrobatics:Inept|Athletics:Proficient|Intuition:Proficient|Nature Edu:Proficient
Bonsly,Rock,5,8,10,1,5,1,Forest,1,Small,2,Phototroph,2,Slow,Underdog,,Athletics:Proficient|Stealth:Mastered|Nature Edu:Proficient
Sudowoodo,Rock,7,10,12,3,7,3,Forest,5,Medium,3,Phototroph,3,,,,Athletics:Proficient|Stealth:Mastered|Nature Edu:Proficient
Tirtouga,Rock|Water,6,8,10,5,5,2,Ocean,4,Small,2,Carnivore,2,Swimmer,Underdog,,Acrobatics:Proficient|Athletics:Proficient|Perception:Proficient
Carracosta,Rock|Water,8,11,13,8,8,3,Ocean,7,Medium,4,Carnivore,3,Swimmer,Mountable,,Acrobatics:Proficient|Athletics:Mastered|Perception:Proficient
Archen,Rock|Flying,6,11,5,7,5,7,Mountain,2,Small,1,Carnivore,2,Glider|Jumper,Underdog,,Acrobatics:Proficient|Athletics:Proficient|Focus:Inept|Perception:Proficient
Archeops,Rock|Flying,8,14,7,11,7,11,Mountain,4,Medium,3,Carnivore,3,Flier|Jumper|Quick,Mountable,,Acrobatics:Proficient|Athletics:Proficient|Focus:Inept|Perception:Proficient
Binacle,Rock|Water,4,5,7,4,6,5,"Cave, Ocean",2,Small,3,Herbivore,2,Slow|Swimmer,Underdog,Gilled,Athletics:Proficient|Nature Edu:Proficient
Barbaracle,Rock|Water,7,11,12,5,9,7,"Cave, Ocean",6,Medium,4,Herbivore,3,Swimmer,,Gilled,Athletics:Mastered|Combat:Proficient|Focus:Inept|Nature Edu:Proficient
Tyrunt,Rock|Dragon,6,9,8,5,5,5,Mountain,3,Small,3,Carnivore,2,,Underdog,,Athletics:Mastered|Combat:Proficient|Intimidate:Proficient|Perception:Inept
Tyrantrum,Rock|Dragon,8,12,12,7,6,7,Mountain,10,Large,6,Carnivore,3,,Mountable,,Athletics:Mastered|Combat:Proficient|Intimidate:Proficient|Perception:Inept
Amaura,Rock|Ice,8,6,5,7,6,5,"Cave, Tundra",2,Medium,3,Herbivore,2,,Underdog,Chilled,Athletics:Proficient|Intuition:Proficient|Nature Edu:Mastered
Aurorus,Rock|Ice,12,8,7,10,9,6,"Cave, Tundra",8,Large,6,Herbivore,3,,Mountable,Chilled,Athletics:Proficient|Intuition:Proficient|Nature Edu:Mastered
Rockruff,Rock,6,7,4,3,4,6,"Cave, Mountain",2,Small,1,Omnivore,2,Jumper,Darkvision|Underdog,Tracker,Acrobatics:Proficient|Athletics:Proficient|Combat:Mastered
Lycanroc Midday,Rock,8,12,8,6,7,10,"Cave, Mountain",4,Small,3,Omnivore,3,Jumper|Quick,Darkvision,Tracker,Acrobatics:Proficient|Athletics:Proficient|Combat:Mastered
Lycanroc Midnight,Rock,9,12,8,6,8,8,"Cave, Mountain",4,Medium,3,Carnivore,3,Jumper|Quick,Darkvision,Tracker,Combat:Mastered|Intimidate:Proficient|Stealth:Proficient
Lycanroc Dusk,Rock,8,12,11,6,7,7,"Cave, Mountain",4,Small,3,Omnivore,3,Jumper|Quick,Darkvision,Tracker,Acrobatics:Proficient|Combat:Mastered|Stealth:Proficient
Glimmet,Rock|Poison,5,4,4,11,6,6,Cave,3,Small,1,Terravore,2,Climber|Flier,Underdog,,Acrobatics:Inept|Focus:Proficient
Glimmora,Rock|Poison,8,6,9,13,8,9,Cave,4,Medium,3,Terravore,3,Climber|Flier,,,Acrobatics:Inept|Focus:Proficient
Bronzor,Steel|Psychic,6,2,9,2,9,2,Cave,4,Small,4,Nullivore,2,Flier,Underdog,Breathless|Dead Silent,Focus:Mastered|Intuition:Proficient|Perception:Proficient
Bronzong,Steel|Psychic,7,9,12,8,12,3,Cave,8,Medium,5,Nullivore,3,Flier,,Breathless|Dead Silent,Focus:Mastered|Intuition:Proficient|Perception:Proficient
Meltan,Steel,5,7,7,6,4,3,Urban,2,Small,1,Terravore,2,Grounded|Slow,Underdog,Amorphous|Dead Silent|Magnetic,Focus:Proficient|Stealth:Proficient
Melmetal,Steel,14,14,14,8,7,3,Urban,11,Large,6,Terravore,3,,,Amorphous|Magnetic,Athletics:Mastered|Combat:Proficient|Focus:Proficient
Cufant,Steel,7,8,5,4,5,4,Mountain,8,Medium,5,Terravore,2,Grounded,Groundshaper|Mountable|Underdog,,Athletics:Mastered|Focus:Proficient|Intuition:Proficient
Copperajah,Steel,12,13,7,8,7,3,Mountain,12,Huge,6,Terravore,3,Grounded,Groundshaper|Mountable,,Athletics:Mastered|Focus:Proficient|Intuition:Proficient
Duraludon,Steel|Dragon,7,10,12,12,5,9,Mountain,8,Medium,2,Terravore,2,,,Magnetic|X-Ray Vision,Athletics:Proficient|Combat:Proficient|Perception:Mastered
Archaludon,Steel|Dragon,9,11,13,13,6,8,Mountain,9,Medium,3,Terravore,3,,,Magnetic|X-Ray Vision,Athletics:Proficient|Combat:Proficient|Perception:Mastered
Psyduck,Water,5,5,5,7,5,6,Wetlands,1,Small,2,Herbivore,2,Slow|Swimmer,Underdog,,Acrobatics:Inept|Combat:Inept|Focus:Proficient|Intuition:Inept|Perception:Inept
Golduck,Water,8,8,8,10,8,9,Wetlands,5,Medium,4,Omnivore,3,Swimmer,Telekinetic,Telepath,Focus:Proficient|Perception:Proficient
Tentacool,Water|Poison,4,4,4,5,10,7,Ocean,2,Small,3,Carnivore,2,Swimmer,Underdog,Gilled|Glow,Stealth:Proficient
Tentacruel,Water|Poison,8,7,7,8,12,10,Ocean,6,Medium,4,Carnivore,3,Swimmer,Reach,Gilled|Glow,Athletics:Proficient|Stealth:Proficient
Slowpoke,Water|Psychic,9,7,7,4,4,2,Wetlands,2,Medium,3,Herbivore,2,Slow,Underdog,,Acrobatics:Inept|Combat:Inept|Focus:Mastered|Intuition:Inept
Slowbro,Water|Psychic,10,8,11,11,8,3,Wetlands,7,Medium,4,Herbivore,3,Slow,,,Focus:Mastered|Intuition:Inept
Slowking,Water|Psychic,10,8,8,11,11,3,Wetlands,5,Medium,4,Herbivore,3,Slow,Telekinetic,Pack Mon|Telepath,Focus:Mastered|Intuition:Proficient
Seel,Water,7,5,6,5,7,5,"Ocean, Tundra",3,Medium,4,Carnivore,2,Swimmer,Underdog,,Acrobatics:Proficient|Athletics:Proficient|Nature Edu:Proficient
Dewgong,Water|Ice,10,7,9,7,10,8,"Ocean, Tundra",5,Medium,5,Carnivore,3,Swimmer,,,Acrobatics:Proficient|Athletics:Proficient|Nature Edu:Proficient
Shellder,Water,3,7,10,5,3,4,Ocean,4,Small,1,Herbivore,2,Grounded|Swimmer,Underdog,Gilled,Focus:Proficient|Stealth:Proficient
Cloyster,Water|Ice,5,10,19,9,5,7,Ocean,4,Medium,5,Herbivore,3,Grounded|Swimmer,,Gilled,Athletics:Proficient|Focus:Proficient|Stealth:Proficient
Krabby,Water,3,11,9,3,3,5,Ocean,3,Small,1,Carnivore,2,,Underdog,Gilled,Athletics:Proficient|Combat:Proficient
Kingler,Water,7,14,12,5,5,8,Ocean,6,Medium,4,Carnivore,3,,,Gilled,Athletics:Proficient|Combat:Proficient
Goldeen,Water,5,7,6,4,5,6,Ocean,1,Small,2,Omnivore,2,Swimmer,Underdog,Gilled,Acrobatics:Proficient|Focus:Proficient
Seaking,Water,9,10,8,8,8,8,Ocean,3,Medium,3,Omnivore,3,Swimmer,,Gilled,Acrobatics:Proficient|Athletics:Proficient|Focus:Proficient
Staryu,Water,3,5,6,7,6,9,"Ocean, Space",2,Small,3,Nullivore,2,Flier|Swimmer,Underdog,Gilled|Glow,Focus:Proficient|Perception:Proficient
Starmie,Water|Psychic,6,8,9,10,9,12,"Ocean, Space",3,Medium,4,Nullivore,3,Flier|Swimmer,Telekinetic,Gilled|Glow,Focus:Proficient|Perception:Proficient
Magikarp,Water,3,3,7,4,4,9,Ocean,1,Small,1,Herbivore,2,Jumper|Slow|Swimmer,Underdog,Gilled,Athletics:Inept|Combat:Inept
Gyarados,Water|Flying,10,13,8,6,10,8,Ocean,13,Huge,6,Carnivore,3,Jumper|Swimmer,Mountable|Reach,Gilled,Athletics:Mastered|Combat:Proficient|Intimidate:Proficient
Chinchou,Water|Electric,8,4,4,6,6,7,Ocean,1,Small,2,Herbivore,2,Swimmer,Underdog,Gilled|Glow,Focus:Proficient|Perception:Proficient|Stealth:Inept
Lanturn,Water|Electric,14,6,6,9,9,7,Ocean,2,Medium,2,Herbivore,3,Swimmer,,Gilled|Glow,Focus:Proficient|Perception:Proficient|Stealth:Inept
Wooper,Water|Ground,7,6,6,4,4,3,Wetlands,1,Small,1,Herbivore,2,Swimmer,Underdog,Gilled,Acrobatics:Inept|Athletics:Inept|Focus:Proficient|Intuition:Inept|Nature Edu:Proficient
Quagsire,Water|Ground,11,9,9,9,9,4,Wetlands,3,Medium,4,Herbivore,3,Swimmer,,Gilled,Athletics:Proficient|Focus:Proficient|Intuition:Inept|Nature Edu:Proficient
Remoraid,Water,4,7,4,7,4,7,Ocean,1,Small,2,Carnivore,2,Swimmer,Underdog,Gilled,Athletics:Inept|Focus:Proficient|Perception:Proficient
Octillery,Water,8,11,8,11,8,5,Ocean,4,Small,3,Carnivore,3,Swimmer,,Amorphous|Gilled,Athletics:Inept|Focus:Proficient|Perception:Proficient
Mantyke,Water|Flying,5,2,5,6,12,5,Ocean,2,Medium,4,Herbivore,2,Flier|Swimmer,Underdog,Gilled,Acrobatics:Proficient|Perception:Proficient
Mantine,Water|Flying,9,4,7,9,14,8,Ocean,5,Large,6,Omnivore,3,Flier|Quick|Swimmer,Mountable,Gilled,Acrobatics:Proficient|Perception:Proficient
Wingull,Water|Flying,5,3,3,7,3,9,"Grasslands, Ocean",1,Small,1,Omnivore,2,Flier,Underdog,,Acrobatics:Proficient|Athletics:Inept|Combat:Inept|Perception:Proficient
Pelipper,Water|Flying,11,5,10,10,8,7,"Grasslands, Ocean",3,Medium,3,Omnivore,3,Flier,,,Acrobatics:Proficient|Athletics:Inept|Combat:Inept|Perception:Proficient
Carvanha,Water|Dark,5,9,2,7,2,7,Ocean,2,Small,2,Carnivore,2,Quick|Swimmer,Darkvision|Underdog,Gilled,Acrobatics:Proficient|Combat:Proficient|Stealth:Proficient
Sharpedo,Water|Dark,7,12,5,10,5,12,Ocean,5,Medium,4,Carnivore,3,Quick|Swimmer,Darkvision|Mountable|Underdog,Gilled,Acrobatics:Proficient|Combat:Proficient|Stealth:Proficient
Wailmer,Water,13,7,4,7,4,6,Ocean,5,Large,5,Filter Feeder,2,Swimmer,Mountable|Underdog,,Athletics:Proficient|Focus:Proficient|Stealth:Inept
Wailord,Water,17,9,5,9,5,6,Ocean,12,Huge,6,Filter Feeder,3,Swimmer,Mountable,,Athletics:Proficient|Focus:Proficient|Stealth:Inept
Barboach,Water|Ground,6,5,4,5,4,6,Wetlands,2,Small,1,Omnivore,2,Swimmer,Underdog,Gilled,Focus:Proficient|Intuition:Proficient|Stealth:Proficient
Whiscash,Water|Ground,11,9,8,9,8,6,Wetlands,3,Small,2,Omnivore,3,Swimmer,,Gilled|Tremorsense,Focus:Proficient|Intuition:Proficient|Stealth:Proficient
Corphish,Water,4,8,7,5,4,4,Ocean,2,Small,2,Carnivore,2,Slow|Swimmer,Underdog,Gilled,Athletics:Proficient|Combat:Proficient|Guile:Proficient
Crawdaunt,Water|Dark,7,12,10,10,6,6,Ocean,5,Medium,3,Carnivore,3,Swimmer,Darkvision,Gilled,Athletics:Proficient|Combat:Proficient|Guile:Proficient
Feebas,Water,4,4,4,2,7,9,Ocean,1,Small,1,Herbivore,2,Slow|Swimmer,Underdog,Gilled,Athletics:Inept|Charm:Inept|Combat:Inept
Milotic,Water,10,6,8,10,13,8,Ocean,8,Large,5,Herbivore,3,Swimmer,Mountable,Gilled,Acrobatics:Proficient|Charm:Proficient|Focus:Proficient
Clamperl,Water,4,6,9,7,6,3,Ocean,2,Small,5,Carnivore,2,Grounded|Slow|Swimmer,Underdog,Gilled,Acrobatics:Inept|Athletics:Inept|Focus:Proficient|Stealth:Proficient
Huntail,Water,6,12,11,9,8,5,Ocean,3,Medium,3,Carnivore,3,Swimmer,,Gilled,Acrobatics:Proficient|Focus:Proficient|Stealth:Proficient
Gorebyss,Water,6,8,12,12,8,5,Ocean,3,Medium,2,Carnivore,3,Swimmer,,Gilled,Acrobatics:Proficient|Focus:Proficient|Stealth:Proficient
Buizel,Water,6,7,4,6,3,9,"Grasslands, Wetlands",2,Small,3,Omnivore,2,Quick|Swimmer,Underdog,,Acrobatics:Mastered|Combat:Proficient|Perception:Proficient
Floatzel,Water,9,11,6,9,5,12,"Grasslands, Wetlands",3,Medium,3,Omnivore,3,Quick|Swimmer,,,Acrobatics:Mastered|Combat:Proficient|Perception:Proficient
Shellos,Water,8,5,5,6,6,3,Wetlands,1,Small,1,Herbivore,2,Climber|Grounded|Slow|Swimmer,Underdog,Amorphous|Gilled,Acrobatics:Inept|Athletics:Proficient|Perception:Proficient
Gastrodon,Water|Ground,12,8,8,10,9,4,Wetlands,3,Small,3,Herbivore,3,Climber|Grounded|Slow|Swimmer,,Amorphous|Gilled,Acrobatics:Inept|Athletics:Proficient|Perception:Proficient
Finneon,Water,5,5,6,5,6,7,Ocean,1,Small,1,Carnivore,2,Swimmer,Underdog,Gilled|Glow,Acrobatics:Proficient|Charm:Proficient|Stealth:Proficient
Lumineon,Water,7,7,9,8,10,10,Ocean,2,Medium,2,Carnivore,3,Swimmer,,Gilled|Glow,Acrobatics:Proficient|Charm:Proficient|Stealth:Proficient
Panpour,Water,5,5,5,5,5,6,"Forest, Grasslands",3,Small,2,Omnivore,2,Climber|Jumper,Underdog,,Acrobatics:Mastered|Focus:Proficient|Intuition:Proficient
Simipour,Water,9,10,6,10,6,10,"Forest, Grasslands",4,Medium,3,Omnivore,3,Climber|Jumper,,,Acrobatics:Mastered|Focus:Proficient|Intuition:Proficient
Ducklett,Water|Flying,6,4,5,4,5,6,"Forest, Wetlands",1,Small,1,Herbivore,2,Flier|Swimmer,Underdog,,Acrobatics:Proficient|Focus:Proficient|Perception:Proficient
Swanna,Water|Flying,9,9,7,9,7,10,"Forest, Wetlands",2,Medium,2,Herbivore,3,Flier|Swimmer,,,Acrobatics:Proficient|Combat:Proficient|Perception:Proficient
Basculin,Water,7,9,7,8,6,10,Ocean,3,Medium,2,Omnivore,2,Quick|Swimmer,,Gilled,Acrobatics:Proficient|Athletics:Proficient|Combat:Proficient
Basculegion,Water|Ghost,10,12,8,8,7,11,Ocean,9,Huge,5,Omnivore,3,Jumper|Quick|Swimmer,Mountable,Gilled,Acrobatics:Proficient|Athletics:Proficient|Combat:Mastered
Frillish,Water|Ghost,6,4,5,7,9,4,Ocean,1,Medium,3,Carnivore,2,Flier|Swimmer,Darkvision|Invisibility|Underdog,Amorphous|Dead Silent|Gilled,Athletics:Inept|Perception:Proficient|Stealth:Proficient
Jellicent,Water|Ghost,10,6,8,10,11,6,Ocean,3,Large,5,Carnivore,3,Flier|Swimmer,Darkvision|Invisibility,Amorphous|Dead Silent|Gilled,Athletics:Inept|Perception:Proficient|Stealth:Proficient
Clauncher,Water,5,5,6,6,6,4,Ocean,2,Small,1,Carnivore,2,Swimmer,Underdog,Gilled,Combat:Proficient|Focus:Proficient|Perception:Proficient
Clawitzer,Water,8,7,9,12,9,6,Ocean,4,Medium,3,Carnivore,3,Swimmer,,Gilled,Combat:Proficient|Focus:Proficient|Perception:Proficient
Dewpider,Water|Bug,5,4,6,4,8,3,Wetlands,1,Small,1,Carnivore,2,Climber,Underdog,Gilled,Stealth:Proficient|Nature Edu:Proficient
Araquanid,Water|Bug,9,9,10,5,13,5,Wetlands,4,Medium,4,Carnivore,3,Climber,,Gilled,Athletics:Proficient|Stealth:Proficient|Nature Edu:Proficient
Chewtle,Water,5,7,6,4,4,4,Cave,4,Small,1,Carnivore,2,Slow|Swimmer,Underdog,Gilled,Athletics:Mastered|Combat:Proficient|Focus:Proficient
Drednaw,Water|Rock,9,13,10,5,7,7,Cave,8,Medium,5,Carnivore,3,Swimmer,Mountable,Gilled,Athletics:Mastered|Combat:Proficient|Focus:Proficient
Arrokuda,Water,6,6,4,4,3,7,Ocean,1,Small,1,Carnivore,2,Quick|Swimmer,Underdog,Gilled,Acrobatics:Proficient|Combat:Proficient|Nature Edu:Proficient
Barraskewda,Water,6,12,6,6,6,15,Ocean,4,Medium,3,Carnivore,3,Quick|Swimmer,,Gilled,Acrobatics:Proficient|Combat:Proficient|Nature Edu:Proficient
Pinsir,Bug,7,13,10,6,7,9,Forest,8,Medium,4,Herbivore,3,,,,Athletics:Mastered|Combat:Proficient|Intimidate:Proficient
Shuckle,Bug|Rock,2,1,23,1,23,1,"Cave, Mountain",4,Small,2,Herbivore,3,Grounded|Slow,,,Athletics:Inept|Combat:Inept
Heracross,Bug|Fighting,8,13,8,4,10,9,Forest,8,Medium,4,Herbivore,3,Flier,,,Acrobatics:Proficient|Athletics:Mastered|Combat:Proficient
Volbeat,Bug,8,6,8,9,10,10,Forest,3,Small,2,Herbivore,3,Climber|Flier,,Glow,Acrobatics:Proficient|Charm:Proficient|Focus:Proficient
Illumise,Bug,8,5,9,7,11,11,Forest,2,Small,2,Herbivore,3,Climber|Flier,,Glow,Acrobatics:Proficient|Charm:Proficient|Focus:Proficient
Durant,Bug|Steel,6,11,12,5,5,12,"Cave, Forest",5,Small,3,Carnivore,3,Burrower|Climber,,,Acrobatics:Mastered|Athletics:Proficient|Focus:Inept|Perception:Proficient|Stealth:Proficient
Sableye,Dark|Ghost,5,8,8,7,7,5,Cave,1,Small,1,Terravore,3,Burrower,Darkvision|Invisibility|Underdog,Dead Silent,Perception:Mastered|Stealth:Proficient|Nature Edu:Proficient
Absol,Dark,8,13,6,8,6,10,"Forest, Mountain",3,Medium,3,Omnivore,3,Quick,,Premonition|Tracker,Acrobatics:Proficient|Combat:Proficient
Druddigon,Dragon,9,13,9,6,9,5,Cave,8,Medium,5,"Carnivore, Terravore",3,,Darkvision,,Athletics:Proficient|Charm:Inept|Combat:Mastered|Intimidate:Proficient|Nature Edu:Proficient
Cyclizar,Dragon|Normal,7,10,7,9,7,12,Urban,8,Medium,4,Omnivore,3,Quick,Mountable,,Acrobatics:Mastered|Combat:Proficient|Perception:Proficient
Tatsugiri,Dragon|Water,7,5,6,13,11,9,"Ocean, Wetlands",4,Small,1,Herbivore,3,Jumper|Swimmer,,Gilled,Acrobatics:Mastered|Athletics:Inept|Command:Proficient|Intuition:Proficient|Stealth:Proficient|Nature Edu:Inept
Plusle,Electric,6,5,4,9,8,10,"Forest, Grasslands",1,Small,1,Herbivore,3,,Underdog,,Acrobatics:Proficient|Charm:Proficient
Minun,Electric,6,4,5,8,9,10,"Forest, Grasslands",1,Small,1,Herbivore,3,,Underdog,,Acrobatics:Proficient|Charm:Proficient
Pachirisu,Electric,6,5,7,5,9,10,"Forest, Urban",1,Small,1,Herbivore,3,Climber,Underdog,,Acrobatics:Proficient|Combat:Inept|Stealth:Proficient|Nature Edu:Proficient
Rotom,Electric|Ghost,5,5,8,10,8,9,Urban,3,Small,1,Nullivore,3,Flier|Phaser,Darkvision|Form Change|Invisibility,Dead Silent|Glow|Wired,Acrobatics:Proficient|Athletics:Inept|Focus:Proficient|Guile:Proficient|Stealth:Mastered
Rotom Heat,Electric|Fire,5,7,11,11,11,9,Urban,3,Small,1,Nullivore,3,Flier|Phaser,Darkvision|Form Change|Invisibility,Dead Silent|Glow|Heater|Wired,Acrobatics:Proficient|Athletics:Inept|Focus:Proficient|Guile:Proficient|Stealth:Mastered
Rotom Wash,Electric|Water,5,7,11,11,11,9,Urban,3,Small,1,Nullivore,3,Flier|Phaser,Darkvision|Form Change|Invisibility,Dead Silent|Glow|Wired,Acrobatics:Proficient|Athletics:Inept|Focus:Proficient|Guile:Proficient|Stealth:Mastered
Rotom Frost,Electric|Ice,5,7,11,11,11,9,Urban,3,Small,1,Nullivore,3,Flier|Phaser,Darkvision|Form Change|Invisibility,Chilled|Dead Silent|Glow|Wired,Acrobatics:Proficient|Athletics:Inept|Focus:Proficient|Guile:Proficient|Stealth:Mastered
Rotom Fan,Electric|Flying,5,7,11,11,11,9,Urban,3,Small,1,Nullivore,3,Flier|Phaser,Darkvision|Form Change|Invisibility,Dead Silent|Glow|Wired,Acrobatics:Proficient|Athletics:Inept|Focus:Proficient|Guile:Proficient|Stealth:Mastered
Rotom Mow,Electric|Grass,5,7,11,11,11,9,Urban,3,Small,1,Nullivore,3,Flier|Phaser,Darkvision|Form Change|Invisibility,Dead Silent|Glow|Wired,Acrobatics:Proficient|Athletics:Inept|Focus:Proficient|Guile:Proficient|Stealth:Mastered
Emolga,Electric|Flying,6,8,6,8,6,10,Forest,1,Small,1,Herbivore,3,Glider,Underdog,,Acrobatics:Mastered|Charm:Proficient|Focus:Proficient
Dedenne,Electric|Fairy,7,6,6,8,7,10,"Forest, Grasslands",1,Small,1,"Ergovore, Herbivore",3,,Underdog,,Charm:Proficient|Perception:Proficient|Stealth:Proficient
Togedemaru,Electric|Steel,7,10,6,4,7,10,Urban,3,Small,1,"Ergovore, Herbivore",3,,Underdog,Glow,Acrobatics:Proficient|Charm:Proficient|Intimidate:Inept
Pincurchin,Electric,5,11,11,11,11,2,Ocean,1,Small,1,Herbivore,3,Grounded|Slow|Swimmer,,Gilled|Glow,Acrobatics:Inept|Focus:Proficient|Stealth:Proficient|Nature Edu:Proficient
Morpeko,Electric|Dark,7,11,7,8,7,11,Forest,4,Small,1,Omnivore,3,,Darkvision,,Focus:Proficient|Guile:Proficient|Nature Edu:Proficient
Dracozolt,Electric|Dragon,9,10,9,8,7,8,"Forest, Grasslands",7,Medium,5,Herbivore,3,Quick,Mountable,,Athletics:Proficient|Charm:Inept|Combat:Proficient|Perception:Proficient|Nature Edu:Proficient
Arctozolt,Electric|Ice,9,10,9,9,8,6,Tundra,6,Large,5,Herbivore,3,Quick,Mountable,Chilled,Athletics:Proficient|Combat:Proficient|Perception:Proficient|Nature Edu:Proficient
Comfey,Fairy,6,5,10,8,12,10,Forest,2,Small,1,Phototroph,3,Flier,Threaded,Alluring|Mender,Acrobatics:Proficient|Charm:Proficient|Combat:Inept|Intuition:Proficient
Throh,Fighting,12,11,11,3,9,5,Urban,7,Medium,4,Omnivore,3,,,,Athletics:Proficient|Combat:Mastered|Focus:Proficient
Sawk,Fighting,9,13,8,3,8,10,Urban,6,Medium,4,Omnivore,3,,,,Athletics:Proficient|Combat:Mastered|Focus:Proficient
Hawlucha,Fighting|Flying,8,10,8,7,6,12,Grasslands,4,Small,2,Carnivore,3,Glider|Jumper|Quick,,,Acrobatics:Proficient|Combat:Mastered|Intuition:Proficient
Passimian,Fighting,10,12,10,3,6,10,Forest,7,Large,4,Herbivore,3,Climber|Jumper|Quick,,Pack Mon,Acrobatics:Proficient|Athletics:Proficient|Combat:Mastered
Falinks,Fighting,7,11,11,7,6,9,Mountain,8,Huge,4,Omnivore,3,,,Mindlock|Pack Mon,Athletics:Proficient|Combat:Mastered|Focus:Proficient|Perception:Proficient|Stealth:Inept
Torkoal,Fire,9,9,14,9,8,2,Mountain,6,Small,4,Terravore,3,Slow,,Heater,Acrobatics:Inept|Athletics:Proficient|Focus:Proficient|Nature Edu:Proficient
Heatmor,Fire,9,10,7,11,7,7,Cave,4,Medium,4,Carnivore,3,Burrower,,Heater,Focus:Proficient|Perception:Proficient
Turtonator,Fire|Dragon,7,8,14,9,9,4,"Cave, Mountain",7,Large,6,Herbivore,3,,,,Acrobatics:Inept|Athletics:Mastered|Combat:Proficient|Perception:Proficient|Stealth:Proficient
Cramorant,Flying|Water,7,9,6,9,10,10,"Ocean, Wetlands",3,Small,2,Carnivore,3,Flier,,,Acrobatics:Proficient|Focus:Inept|Intuition:Proficient|Perception:Mastered|Stealth:Proficient
Bombirdier,Flying|Dark,7,11,9,6,9,9,Mountain,10,Medium,3,Carnivore,3,Flier,,,Acrobatics:Proficient|Combat:Proficient|Intimidate:Proficient
Flamigo,Flying|Fighting,8,12,7,8,7,9,Wetlands,8,Medium,3,Omnivore,3,Flier,Reach,,Athletics:Proficient|Combat:Proficient|Intuition:Proficient
Spiritomb,Ghost|Dark,5,9,12,9,12,4,Cave,2,Medium,5,Nullivore,3,Flier|Phaser,Darkvision|Invisibility,Dead Silent,Acrobatics:Inept|Athletics:Inept|Focus:Mastered|Intimidate:Proficient|Intuition:Proficient|Perception:Proficient
Mimikyu,Ghost|Fairy,7,10,8,5,11,10,Forest,2,Small,1,Nullivore,3,,Darkvision|Reach,Amorphous|Dead Silent,Intimidate:Proficient|Stealth:Proficient
Dhelmise,Grass|Ghost,7,13,10,9,9,4,Ocean,7,Huge,6,Nullivore,3,Grounded|Slow|Swimmer,Darkvision,Breathless|Dead Silent,Athletics:Proficient|Perception:Proficient
Tropius,Grass|Flying,11,8,9,8,10,5,Forest,8,Large,5,Phototroph,3,Flier,Mountable,,Athletics:Proficient|Focus:Proficient|Nature Edu:Proficient
Carnivine,Grass,9,12,9,10,9,5,"Forest, Grasslands",4,Medium,3,"Carnivore, Phototroph",3,Flier,,,Acrobatics:Proficient|Perception:Proficient|Stealth:Mastered
Maractus,Grass,8,9,8,12,8,6,Desert,4,Medium,3,Phototroph,3,,,,Focus:Proficient|Nature Edu:Proficient
Stunfisk,Ground|Electric,11,7,8,11,11,3,Wetlands,3,Small,1,Carnivore,3,Burrower|Slow,,Tremorsense,Focus:Proficient|Intuition:Inept|Stealth:Mastered
Delibird,Ice|Flying,5,6,5,7,5,8,Tundra,4,Small,2,Omnivore,3,Flier|Swimmer,Underdog,Chilled|Pack Mon,Charm:Proficient|Focus:Proficient|Nature Edu:Proficient
Cryogonal,Ice,8,5,5,10,14,11,"Cave, Tundra",6,Medium,5,"Carnivore, Terravore",3,Flier,,Chilled,Combat:Proficient|Intimidate:Proficient|Perception:Proficient
Eiscue Ice Face,Ice,9,8,12,7,10,5,Tundra,4,Medium,4,Carnivore,3,Swimmer,Form Change,Chilled,Acrobatics:Proficient|Athletics:Proficient
Eiscue Noice,Ice,9,8,7,7,5,15,Tundra,4,Medium,4,Carnivore,3,Quick|Swimmer,Form Change,Chilled,Acrobatics:Proficient|Athletics:Proficient
Farfetch'd,Normal|Flying,5,9,6,6,6,6,Grasslands,3,Small,2,Herbivore,3,,"Underdog|Wielder (Melee, Small)",,Acrobatics:Proficient|Combat:Proficient|Perception:Proficient
Kangaskhan,Normal,11,11,8,4,8,9,Grasslands,7,Large,4,Herbivore,3,,,,Athletics:Proficient|Combat:Proficient|Intuition:Proficient
Tauros,Normal,8,11,10,4,7,11,Grasslands,8,Medium,4,Herbivore,3,Quick,Mountable,Pack Mon,Athletics:Proficient|Combat:Proficient|Intuition:Inept
Smeargle,Normal,6,2,4,2,5,8,"Forest, Urban",3,Medium,4,Omnivore,3,,Underdog,Tracker,Intuition:Proficient|Perception:Mastered
Miltank,Normal,11,8,11,4,7,10,Grasslands,5,Medium,4,Herbivore,3,,,,Athletics:Proficient|Focus:Proficient
Spinda,Normal,6,9,9,9,9,9,Grasslands,1,Medium,1,Herbivore,3,,,,Acrobatics:Proficient|Focus:Inept|Intuition:Inept
Zangoose,Normal,8,13,7,6,7,10,Grasslands,5,Medium,3,Carnivore,3,Quick,,,Combat:Proficient|Intimidate:Proficient|Stealth:Proficient
Castform,Normal,7,7,7,7,7,7,Urban,1,Small,1,Phototroph,3,Flier,Underdog,,Acrobatics:Proficient|Intuition:Proficient|Nature Edu:Mastered
Kecleon,Normal,6,9,7,6,12,4,Grasslands,5,Medium,2,Carnivore,3,,Blender|Underdog,,Acrobatics:Proficient|Focus:Proficient|Stealth:Mastered
Chatot,Normal|Flying,8,7,5,9,4,9,Forest,2,Small,1,Omnivore,3,Flier,Underdog,,Acrobatics:Proficient|Combat:Inept|Intuition:Proficient|Perception:Mastered|Gen Edu:Proficient
Audino,Normal,10,7,11,7,11,5,Urban,2,Medium,3,Herbivore,3,,Blindsense,Empath,Charm:Proficient|Combat:Inept|Intuition:Proficient|Med Edu:Proficient
Bouffalant,Normal,10,11,10,4,10,6,Grasslands,7,Medium,4,Herbivore,3,Quick,Mountable,Pack Mon,Athletics:Proficient|Combat:Proficient|Intuition:Proficient
Furfrou,Normal,9,8,7,7,10,10,Urban,4,Medium,3,Omnivore,3,,,Tracker,Athletics:Proficient|Command:Proficient|Focus:Proficient
Oranguru,Normal|Psychic,9,6,8,11,11,6,Forest,4,Medium,4,Herbivore,3,Climber,,Telepath,Command:Proficient|Focus:Mastered|Intuition:Proficient
Komala,Normal,7,12,7,8,10,7,Forest,4,Small,2,Herbivore,3,Climber|Slow,,,Athletics:Proficient|Focus:Proficient|Perception:Inept
Drampa,Normal|Dragon,9,6,9,14,9,4,Mountain,6,Huge,5,Herbivore,3,Flier,Mountable|Reach,,Athletics:Proficient|Focus:Proficient|Intimidate:Proficient
Squawkabilly,Normal|Flying,8,10,5,5,5,9,Urban,2,Small,1,Omnivore,3,Flier,Underdog,Pack Mon,Acrobatics:Proficient|Guile:Proficient|Intuition:Proficient
Seviper,Poison,7,12,7,11,7,7,"Desert, Forest",4,Large,4,Carnivore,3,,Darkvision,,Combat:Proficient|Intimidate:Proficient|Stealth:Proficient
Unown,Psychic,5,7,5,7,5,5,"Cave, Space",1,Small,1,Nullivore,3,Flier,Invisibility|Underdog,Magnetic|Telepath,Athletics:Inept|Combat:Inept|Perception:Mastered
Sigilyph,Psychic|Flying,7,6,8,10,10,10,"Desert, Space",3,Medium,2,Herbivore,3,Flier,Invisibility|Telekinetic,,Acrobatics:Proficient|Focus:Mastered|Intuition:Proficient
Indeedee M,Psychic|Normal,7,7,6,11,10,10,Forest,3,Small,3,Herbivore,3,,Telekinetic,Empath|Telepath,Focus:Proficient|Intuition:Proficient|Gen Edu:Proficient
Indeedee F,Psychic|Normal,8,6,7,10,11,9,Forest,3,Small,3,Herbivore,3,,Telekinetic,Empath|Telepath,Focus:Proficient|Intuition:Proficient|Gen Edu:Proficient
Aerodactyl,Rock|Flying,8,11,7,6,8,13,Mountain,8,Medium,4,Carnivore,3,Flier|Quick,Mountable,,Acrobatics:Mastered|Athletics:Proficient|Combat:Proficient|Intimidate:Proficient|Stealth:Inept
Lunatone,Rock|Psychic,9,6,8,11,10,7,"Cave, Space",1,Medium,5,Phototroph,3,Flier,Telekinetic,Breathless|Dead Silent,Focus:Proficient|Perception:Proficient
Solrock,Rock|Psychic,10,11,10,6,7,7,"Cave, Space",1,Medium,5,Phototroph,3,Flier,Telekinetic,Breathless|Dead Silent,Focus:Proficient|Perception:Proficient
Carbink,Rock|Fairy,6,5,15,5,15,5,Cave,1,Small,1,Nullivore,3,Burrower|Flier,,,Charm:Proficient|Focus:Proficient|Perception:Proficient
Minior Meteor,Rock|Flying,7,6,13,6,13,6,"Mountain, Space",3,Small,3,Nullivore,3,Flier,Form Change,Breathless|Glow,Acrobatics:Proficient|Focus:Proficient|Stealth:Inept
Minior Core,Rock|Flying,7,10,6,10,6,12,"Mountain, Space",3,Small,1,Nullivore,3,Flier,Form Change,Breathless|Glow,Acrobatics:Proficient|Focus:Proficient|Stealth:Inept
Stonjourner,Rock,13,13,14,2,2,7,Mountain,9,Large,5,Terravore,3,,Groundshaper|Telekinetic,,Athletics:Proficient|Focus:Proficient
Klawf,Rock,8,10,13,4,7,9,Desert,9,Medium,4,Omnivore,3,Burrower|Climber|Jumper|Swimmer,,,Athletics:Proficient|Focus:Mastered|Intuition:Inept|Perception:Proficient
Skarmory,Steel|Flying,8,9,14,4,8,9,Mountain,5,Medium,4,Carnivore,3,Flier|Quick,Mountable,,Acrobatics:Proficient|Focus:Proficient|Intuition:Proficient
Mawile,Steel|Fairy,5,9,9,6,6,5,Cave,1,Small,2,Omnivore,3,,Underdog,,Charm:Proficient|Focus:Proficient|Intimidate:Proficient
Klefki,Steel|Fairy,7,8,10,8,10,8,Urban,1,Small,1,Terravore,3,Flier,,,Combat:Inept|Guile:Proficient|Stealth:Proficient
Orthworm,Steel,7,9,16,6,6,7,"Cave, Desert",9,Large,6,Detritivore,3,Burrower,Groundshaper|Mountable|Reach,Tremorsense,Athletics:Proficient|Combat:Proficient
Lapras,Water|Ice,13,9,8,9,10,6,"Ocean, Tundra",8,Large,6,Omnivore,3,Grounded|Swimmer,Mountable,Gilled,Acrobatics:Inept|Athletics:Proficient|Intuition:Proficient|Perception:Proficient
Qwilfish,Water|Poison,9,10,9,6,8,9,Ocean,2,Small,1,Herbivore,3,Swimmer,,Gilled,Acrobatics:Proficient|Perception:Proficient
Corsola,Water|Rock,7,6,10,7,10,4,Ocean,3,Small,1,Phototroph,3,Swimmer,Underdog,Gilled,Focus:Proficient|Nature Edu:Proficient
Relicanth,Water|Rock,10,10,13,5,7,6,"Cave, Ocean",2,Medium,2,Herbivore,3,Swimmer,Darkvision,Gilled,Focus:Proficient|Stealth:Proficient
Luvdisc,Water,7,3,6,7,7,10,Ocean,3,Small,1,Herbivore,3,Swimmer,Underdog,Gilled,Acrobatics:Proficient|Athletics:Inept|Charm:Proficient|Combat:Inept|Focus:Proficient
Alomomola,Water,17,8,9,4,9,4,Ocean,5,Medium,3,Herbivore,3,Swimmer,,Gilled,Athletics:Proficient|Charm:Proficient|Perception:Proficient
Wishiwashi,Water,5,2,2,3,4,4,Ocean,1,Small,1,Herbivore,3,Swimmer,Form Change,Gilled|Glow,Athletics:Inept|Combat:Inept|Stealth:Proficient
Wishiwashi Schooling,Water,5,14,13,14,14,3,Ocean,8,Huge,3,Herbivore,3,Swimmer,Form Change,Gilled|Glow|Mindlock,Athletics:Mastered|Combat:Proficient|Intimidate:Proficient|Stealth:Inept
Pyukumuku,Water,6,6,13,3,13,1,Ocean,2,Small,1,Omnivore,3,Slow|Swimmer,Reach|Underdog,Amorphous|Gilled,Acrobatics:Inept|Focus:Proficient|Stealth:Proficient
Bruxish,Water|Psychic,8,11,7,7,7,11,Ocean,5,Small,2,Carnivore,3,Swimmer,Telekinetic,Gilled,Athletics:Proficient|Charm:Inept|Focus:Proficient|Perception:Proficient|Stealth:Proficient
Dracovish,Water|Dragon,9,9,10,7,8,8,"Cave, Ocean",6,Large,5,Herbivore,3,Quick,Mountable,Gilled,Athletics:Proficient|Charm:Inept|Combat:Proficient|Nature Edu:Proficient
Arctovish,Water|Ice,9,9,10,8,9,6,"Ocean, Tundra",7,Large,5,Herbivore,3,Quick|Swimmer,Mountable,Chilled|Gilled,Acrobatics:Proficient|Athletics:Proficient|Charm:Inept|Stealth:Proficient|Nature Edu:Proficient
Finizen,Water,10,9,8,7,7,10,Ocean,1,Medium,4,Carnivore,3,Jumper|Swimmer,Form Change,,Athletics:Inept|Combat:Inept|Intuition:Proficient
Palafin,Water,10,16,10,11,9,10,Ocean,11,Medium,4,Carnivore,3,Jumper|Quick|Swimmer,Form Change,,Athletics:Mastered|Combat:Mastered|Intuition:Proficient
Dondozo,Water,15,10,12,7,7,4,"Ocean, Wetlands",12,Huge,6,Carnivore,3,Swimmer,Mountable,Gilled,Acrobatics:Inept|Athletics:Proficient|Focus:Inept|Intuition:Inept
Veluza,Water|Psychic,9,11,7,9,7,8,Ocean,7,Large,4,Carnivore,3,Quick|Swimmer,Telekinetic,Gilled,Acrobatics:Mastered|Combat:Proficient|Intuition:Proficient
Ditto,Normal,5,5,5,5,5,5,Urban,1,Small,1,Herbivore,3,,Underdog,Amorphous|Shapeshifter,Athletics:Inept|Guile:Proficient|Intuition:Proficient|Stealth:Proficient
Oricorio Baile,Fire|Flying,10,7,7,10,7,10,Grasslands,2,Small,1,Herbivore,3,Flier,,,Acrobatics:Proficient|Focus:Proficient
Oricorio Pom-Pom,Electric|Flying,10,7,7,10,7,10,Grasslands,2,Small,1,Herbivore,3,Flier,,,Acrobatics:Proficient|Focus:Proficient
Oricorio Pa'u,Psychic|Flying,10,7,7,10,7,10,Grasslands,2,Small,1,Herbivore,3,Flier,,,Acrobatics:Proficient|Focus:Proficient
Oricorio Sensu,Ghost|Flying,10,7,7,10,7,10,Grasslands,2,Small,1,Herbivore,3,Flier,,,Acrobatics:Proficient|Focus:Proficient
Eevee,Normal,6,6,5,5,7,6,Grasslands,2,Small,1,Herbivore,2,Jumper,Underdog,Tracker,Acrobatics:Proficient|Charm:Proficient|Perception:Proficient
Umbreon,Dark,10,7,11,6,13,7,"Grasslands, Urban",3,Medium,3,Omnivore,3,Jumper,Darkvision,Tracker,Focus:Proficient|Intuition:Proficient|Stealth:Mastered
Jolteon,Electric,7,7,6,11,10,13,"Grasslands, Urban",3,Medium,3,Omnivore,3,Jumper|Quick,,Tracker,Acrobatics:Mastered|Athletics:Proficient|Stealth:Proficient
Sylveon,Fairy,10,7,7,11,13,6,"Grasslands, Urban",3,Medium,2,Omnivore,3,Jumper,,Empath|Tracker,Charm:Proficient|Focus:Proficient|Perception:Proficient
Flareon,Fire,7,13,6,10,11,7,"Grasslands, Mountain",3,Small,3,Omnivore,3,Jumper,,Heater|Tracker,Acrobatics:Proficient|Athletics:Proficient|Combat:Proficient
Leafeon,Grass,7,11,13,6,7,10,"Forest, Grasslands",3,Medium,3,Phototroph,3,Jumper,,Tracker,Athletics:Proficient|Focus:Proficient|Stealth:Proficient
Glaceon,Ice,7,6,11,13,10,7,"Grasslands, Tundra",3,Small,3,Omnivore,3,Jumper,,Chilled|Tracker,Acrobatics:Proficient|Focus:Proficient|Perception:Proficient
Espeon,Psychic,7,7,6,13,10,11,"Grasslands, Urban",3,Small,3,Omnivore,3,Jumper,Telekinetic,Telepath|Tracker,Acrobatics:Proficient|Focus:Mastered|Intuition:Proficient|Perception:Proficient
Vaporeon,Water,13,7,6,11,10,7,"Grasslands, Ocean",3,Medium,3,Omnivore,3,Jumper|Swimmer,,Amorphous|Gilled|Tracker,Acrobatics:Proficient|Intuition:Proficient|Stealth:Proficient
Alolan Rattata,Dark|Normal,4,7,4,4,4,7,Urban,1,Small,1,Omnivore,2,Jumper|Quick,Darkvision|Underdog,,Athletics:Inept|Focus:Proficient|Perception:Proficient|Stealth:Proficient
Alolan Raticate,Dark|Normal,6,8,6,5,7,10,Urban,3,Small,3,Omnivore,3,Jumper|Quick,Darkvision|Underdog,,Focus:Proficient|Perception:Proficient|Stealth:Mastered
Alolan Meowth,Dark,4,4,4,5,4,9,Urban,2,Small,1,Carnivore,2,,Darkvision|Underdog,Pack Mon|Tracker,Acrobatics:Proficient|Athletics:Inept|Guile:Proficient|Stealth:Proficient
Alolan Persian,Dark,7,6,6,8,7,12,Urban,3,Medium,3,Carnivore,3,,Darkvision,Pack Mon|Tracker,Acrobatics:Proficient|Athletics:Inept|Guile:Proficient|Stealth:Proficient
Alolan Diglett,Ground|Steel,2,6,4,4,5,9,Cave,3,Small,1,Herbivore,2,Burrower|Grounded,Underdog,Tremorsense,Perception:Proficient|Stealth:Proficient
Alolan Dugtrio,Ground|Steel,4,10,6,5,7,11,Cave,6,Small,4,Herbivore,3,Burrower|Grounded,Groundshaper|Underdog,Tremorsense,Perception:Proficient|Stealth:Proficient
Alolan Vulpix,Ice,4,4,4,5,7,7,"Mountain, Tundra",2,Small,1,Herbivore,2,,Underdog,Chilled|Tracker,Acrobatics:Proficient|Athletics:Inept|Charm:Proficient|Intuition:Proficient
Alolan Ninetales,Ice|Fairy,7,7,8,8,10,11,"Mountain, Tundra",4,Medium,2,Herbivore,3,,,Chilled|Tracker,Acrobatics:Proficient|Athletics:Inept|Charm:Proficient|Intuition:Proficient
Alolan Sandshrew,Ice|Steel,5,8,9,1,4,4,"Cave, Tundra",3,Small,3,Herbivore,2,Burrower,Underdog,Chilled|Tremorsense,Athletics:Proficient|Combat:Proficient|Perception:Proficient
Alolan Sandslash,Ice|Steel,9,10,13,3,9,7,"Cave, Tundra",4,Medium,4,Herbivore,3,Burrower,,Chilled|Tremorsense,Athletics:Proficient|Combat:Proficient|Perception:Proficient
Alolan Grimer,Poison|Dark,8,8,5,4,3,5,Urban,3,Small,3,"Omnivore, Terravore",2,Grounded|Slow,Darkvision|Underdog,Amorphous|Dead Silent|Repulsive,Acrobatics:Inept|Focus:Proficient|Perception:Proficient|Stealth:Proficient
Alolan Muk,Poison|Dark,11,11,8,7,10,5,Urban,6,Medium,4,"Omnivore, Terravore",3,Grounded,Darkvision,Amorphous|Dead Silent|Repulsive,Acrobatics:Inept|Athletics:Proficient|Focus:Proficient|Perception:Proficient
Alolan Geodude,Rock|Electric,4,8,10,3,3,2,"Cave, Mountain",3,Small,2,Terravore,1,Flier,Underdog,Magnetic,Athletics:Proficient|Focus:Proficient
Alolan Graveler,Rock|Electric,6,10,12,5,5,4,"Cave, Mountain",8,Medium,5,Terravore,2,Burrower,Underdog,Magnetic,Athletics:Proficient|Focus:Proficient
Alolan Golem,Rock|Electric,8,12,13,6,7,5,"Cave, Mountain",10,Medium,6,Terravore,3,Burrower,Groundshaper,Magnetic,Athletics:Proficient|Focus:Proficient
Galarian Zigzagoon,Dark|Normal,5,4,5,4,5,7,"Forest, Grasslands",1,Small,2,Herbivore,1,,Underdog,Tracker,Acrobatics:Proficient|Perception:Proficient
Galarian Linoone,Dark|Normal,8,7,6,5,6,10,"Forest, Grasslands",3,Small,3,Herbivore,2,Quick,Darkvision|Underdog,Tracker,Acrobatics:Proficient|Perception:Proficient
Obstagoon,Dark|Normal,9,9,10,6,8,10,"Forest, Grasslands",6,Medium,3,Herbivore,3,Quick,Darkvision,Tracker,Athletics:Proficient|Combat:Proficient|Command:Proficient|Focus:Inept|Perception:Proficient
Galarian Farfetch'd,Fighting,5,10,6,6,6,6,Grasslands,5,Small,3,Herbivore,2,,"Underdog|Wielder (Melee, Small)",,Athletics:Proficient|Combat:Proficient|Perception:Proficient
Sirfetch'd,Fighting,6,14,10,7,8,7,Grasslands,7,Small,5,Herbivore,3,,Wielder (Melee),,Athletics:Proficient|Focus:Proficient
Galarian Corsola,Ghost,6,6,10,7,10,3,Ocean,1,Small,1,Nullivore,2,Flier|Phaser|Swimmer,Darkvision|Invisibility|Underdog,Dead Silent|Gilled,Focus:Proficient|Stealth:Proficient
Cursola,Ghost,6,10,5,14,13,3,Ocean,1,Medium,1,Nullivore,3,Flier|Phaser|Swimmer,Darkvision|Invisibility,Dead Silent|Gilled,Focus:Proficient|Stealth:Proficient
Galarian Yamask,Ground|Ghost,4,6,9,3,7,3,Desert,2,Small,1,Terravore,2,Flier|Phaser,Darkvision|Invisibility|Underdog,Dead Silent,Focus:Proficient|Stealth:Proficient
Runerigus,Ground|Ghost,7,10,15,5,11,3,Desert,7,Medium,4,Terravore,3,Flier|Phaser,Darkvision|Invisibility,Dead Silent,Focus:Proficient|Intimidate:Proficient|Stealth:Proficient
Galarian Stunfisk,Ground|Steel,11,11,11,7,8,3,Cave,5,Small,2,Carnivore,3,Burrower|Slow,Blender,Tremorsense,Acrobatics:Inept|Athletics:Proficient|Focus:Proficient|Stealth:Mastered
Galarian Darumaka,Ice,7,9,5,2,5,5,Tundra,4,Small,3,Herbivore,2,,Underdog,Chilled,Athletics:Mastered|Combat:Proficient|Focus:Proficient
Galarian Darmanitan,Ice,11,15,6,3,6,10,Tundra,8,Medium,5,Omnivore,3,,,Chilled,Athletics:Mastered|Combat:Proficient|Focus:Proficient
Galarian Darmanitan (Zen),Ice|Fire,11,15,6,3,6,10,Tundra,8,Medium,5,Omnivore,3,,,Chilled|Heater,Athletics:Mastered|Combat:Proficient|Focus:Proficient
Galarian Slowpoke,Psychic,9,7,7,4,4,2,Wetlands,2,Medium,3,Herbivore,2,Slow,Telekinetic|Underdog,,Acrobatics:Inept|Combat:Inept|Focus:Mastered|Perception:Proficient
Galarian Slowbro,Poison|Psychic,10,10,10,11,7,3,Wetlands,7,Medium,4,Herbivore,3,Slow,Telekinetic,,Focus:Mastered|Perception:Proficient
Galarian Slowking,Poison|Psychic,10,7,8,12,11,3,Wetlands,5,Medium,4,Herbivore,3,Slow,Telekinetic,Telepath,Focus:Mastered|Guile:Proficient|Perception:Proficient
Galarian Ponyta,Psychic,5,9,6,7,7,9,Forest,3,Small,2,Herbivore,2,Jumper|Quick,Telekinetic|Underdog,Mender|Soul Seer,Acrobatics:Proficient|Focus:Mastered
Galarian Rapidash,Psychic|Fairy,7,10,7,8,8,11,Forest,6,Large,4,Herbivore,3,Jumper|Quick,Mountable|Telekinetic,Mender|Soul Seer,Acrobatics:Proficient|Focus:Mastered
Galarian Meowth,Steel,5,7,6,4,4,4,Forest,2,Small,1,Carnivore,2,,Underdog,Tracker,Athletics:Proficient|Combat:Mastered|Stealth:Proficient
Perrserker,Steel,7,11,10,5,6,5,Forest,4,Small,3,Carnivore,3,,"Underdog|Wielder (Martial, Small)",Tracker,Athletics:Proficient|Combat:Mastered|Stealth:Proficient
Hisuian Qwilfish,Dark|Poison,9,10,9,6,8,9,Ocean,2,Small,1,Herbivore,2,Swimmer,Darkvision,,Combat:Proficient|Perception:Proficient
Overqwil,Dark|Poison,9,12,10,8,8,8,Ocean,3,Medium,3,Omnivore,3,Swimmer,Darkvision,,Combat:Proficient|Perception:Proficient
Hisuian Voltorb,Electric|Grass,4,3,5,6,6,10,"Forest, Urban",2,Small,1,Phototroph,2,,Underdog,,Acrobatics:Proficient|Focus:Proficient|Stealth:Proficient
Hisuian Electrode,Electric|Grass,6,5,7,11,9,13,"Forest, Urban",4,Medium,4,Phototroph,3,Quick,,,Acrobatics:Proficient|Focus:Proficient|Stealth:Proficient
Hisuian Growlithe,Fire|Rock,6,7,7,5,5,6,"Grasslands, Mountain",3,Small,2,Carnivore,2,,Underdog,Pack Mon|Tracker,Athletics:Mastered|Combat:Proficient|Focus:Inept
Hisuian Arcanine,Fire|Rock,9,11,10,8,8,10,"Grasslands, Mountain",8,Large,5,Carnivore,3,Quick,Mountable,Pack Mon|Tracker,Athletics:Mastered|Combat:Proficient|Focus:Inept|Perception:Proficient
Hisuian Zorua,Normal|Ghost,6,7,4,5,7,5,"Forest, Tundra",2,Small,1,Nullivore,2,,Darkvision|Invisibility|Underdog,Chilled|Illusionist|Pack Mon|Tracker,Athletics:Proficient|Guile:Mastered|Stealth:Proficient
Hisuian Zoroark,Normal|Ghost,8,13,6,7,11,6,"Forest, Tundra",4,Medium,4,Nullivore,3,,Darkvision|Invisibility,Chilled|Illusionist|Pack Mon|Tracker,Athletics:Proficient|Guile:Mastered|Stealth:Proficient
Hisuian Sneasel,Poison|Fighting,7,12,6,4,8,14,Wetlands,2,Small,3,Omnivore,2,Climber|Quick,,,Acrobatics:Mastered|Combat:Proficient|Stealth:Proficient
Sneasler,Poison|Fighting,8,14,7,5,9,15,Wetlands,3,Medium,3,Omnivore,3,Climber|Quick,,,Acrobatics:Mastered|Combat:Proficient|Guile:Proficient
Paldean Wooper,Poison|Ground,8,6,6,4,4,2,Wetlands,1,Small,1,Herbivore,2,Swimmer,Groundshaper|Underdog,Gilled|Tremorsense,Acrobatics:Inept|Athletics:Inept|Focus:Proficient|Intuition:Inept
Clodsire,Poison|Ground,15,12,6,6,10,2,Wetlands,4,Medium,6,Herbivore,3,Swimmer,Groundshaper,Gilled|Tremorsense,Athletics:Proficient|Focus:Proficient|Intuition:Inept
Toedscool,Ground|Grass,4,4,4,5,10,7,Forest,3,Small,3,Detritivore,2,Quick,Groundshaper|Reach|Underdog,Pack Mon,Focus:Proficient
Toedscruel,Ground|Grass,8,7,7,8,12,10,Forest,8,Medium,4,Detritivore,3,Quick,Groundshaper|Reach,Pack Mon,Focus:Proficient
Tauros (Combat Breed),Fighting,8,11,11,4,7,10,Grasslands,10,Medium,5,Herbivore,3,Quick,Mountable,Pack Mon,Athletics:Proficient|Combat:Mastered|Focus:Inept
Tauros (Blaze Breed),Fighting|Fire,8,11,11,4,7,10,Grasslands,9,Medium,4,Herbivore,3,Quick,Mountable,Pack Mon,Athletics:Proficient|Combat:Mastered|Focus:Inept
Tauros (Aqua Breed),Fighting|Water,8,11,11,4,7,10,Grasslands,8,Medium,5,Herbivore,3,Quick,Mountable,Pack Mon,Athletics:Proficient|Combat:Mastered|Focus:Inept
Poltchageist,Grass|Ghost,4,5,5,7,5,5,Urban,1,Small,1,Nullivore,2,Flier|Phaser,Darkvision|Underdog,Amorphous|Dead Silent,Acrobatics:Proficient|Combat:Inept|Guile:Proficient|Stealth:Mastered
Sinistcha,Grass|Ghost,7,6,11,12,8,7,Urban,1,Small,1,Nullivore,3,Flier|Phaser,Darkvision,Amorphous|Dead Silent,Acrobatics:Proficient|Combat:Inept|Guile:Proficient|Stealth:Mastered
Wiglett,Water,2,6,3,6,5,8,"Desert, Wetlands",3,Medium,1,Carnivore,2,Burrower|Grounded,Underdog,Tremorsense,Perception:Proficient|Stealth:Proficient|Nature Edu:Proficient
Wugtrio,Water,4,9,5,8,7,10,"Desert, Wetlands",6,Medium,1,Carnivore,3,Burrower|Grounded,,Tremorsense,Perception:Proficient|Stealth:Proficient|Nature Edu:Proficient
Slither Wing,Bug|Fighting,9,15,8,9,11,8,Forest,6,Huge,5,Omnivore,3,,Threaded,,Combat:Proficient|Focus:Proficient
Iron Jugulis,Dark|Flying,10,8,8,14,8,12,Mountain,6,Medium,5,Carnivore,3,Flier|Quick,Darkvision|Mountable,Mindlock,Acrobatics:Mastered|Athletics:Proficient|Intimidate:Proficient
Roaring Moon,Dragon|Dark,11,14,7,6,10,12,"Cave, Mountain",6,Large,6,Carnivore,3,Flier|Quick,Mountable,,Athletics:Mastered|Focus:Proficient|Intimidate:Proficient
Sandy Shocks,Electric|Ground,9,8,10,14,9,10,Urban,4,Large,4,Ergovore,3,Flier,,Breathless|Magnetic,Focus:Proficient|Perception:Proficient
Iron Valiant,Fairy|Fighting,7,14,9,12,6,12,Urban,9,Medium,3,Omnivore,3,Quick,,Aura Reader,Combat:Mastered|Focus:Proficient|Perception:Proficient
Scream Tail,Fairy|Psychic,12,11,7,11,12,7,Urban,3,Medium,1,Herbivore,3,,,,Acrobatics:Proficient|Intimidate:Proficient
Iron Hands,Fighting|Electric,15,14,14,5,7,5,Urban,14,Medium,6,Omnivore,3,,,,Athletics:Proficient|Combat:Mastered|Focus:Proficient
Iron Moth,Fire|Poison,8,7,6,15,13,11,Urban,6,Medium,3,Nullivore,3,Flier,,Heater,Focus:Mastered|Perception:Proficient
Flutter Mane,Ghost|Fairy,6,6,6,14,14,14,Urban,2,Medium,1,Nullivore,3,Flier|Phaser,Darkvision|Invisibility,Dead Silent,Athletics:Inept|Focus:Proficient|Guile:Proficient|Stealth:Proficient
Brute Bonnet,Grass|Dark,13,13,10,8,10,6,Forest,4,Medium,2,Phototroph,3,,Darkvision,,Stealth:Proficient|Nature Edu:Proficient
Great Tusk,Ground|Fighting,12,15,14,5,5,9,Cave,8,Large,6,Omnivore,3,,Mountable,Tracker,Athletics:Proficient|Combat:Mastered|Intimidate:Proficient
Iron Treads,Ground|Steel,9,11,15,7,7,11,Urban,7,Medium,4,Nullivore,3,Quick,Mountable,Tracker,Athletics:Proficient|Combat:Mastered|Intimidate:Proficient
Iron Bundle,Ice|Water,6,8,13,13,6,14,Tundra,5,Small,1,Nullivore,3,Swimmer,,Chilled,Charm:Proficient|Focus:Proficient|Nature Edu:Proficient
Iron Thorns,Rock|Electric,10,14,14,7,8,7,Cave,11,Medium,6,Carnivore,3,,Darkvision,Glow,Athletics:Mastered|Combat:Proficient|Intimidate:Proficient
Buzzwole,Bug|Fighting,11,17,14,5,5,8,"Forest, Space",12,Large,6,Carnivore,3,Flier|Jumper,,,Athletics:Proficient|Combat:Mastered|Focus:Proficient
Pheromosa,Bug|Fighting,7,15,4,15,4,15,"Forest, Space",6,Medium,3,Herbivore,3,Jumper|Quick,,Alluring,Acrobatics:Mastered|Combat:Proficient|Perception:Proficient
Guzzlord,Dark|Dragon,25,10,5,10,5,5,"Space, Urban",12,Huge,6,Omnivore,3,Burrower|Grounded,Darkvision|Reach,,Athletics:Mastered|Combat:Proficient|Intimidate:Proficient
Xurkitree,Electric,8,9,7,17,10,9,"Space, Urban",9,Huge,5,Ergovore,3,,Reach,Glow,Combat:Proficient|Focus:Mastered|Nature Edu:Proficient
Blacephalon,Fire|Ghost,5,13,5,18,8,11,Space,5,Medium,2,Phototroph,3,,,Glow,Acrobatics:Proficient|Guile:Proficient|Nature Edu:Proficient
Kartana,Grass|Steel,7,18,15,6,3,11,"Forest, Space",7,Small,1,Nullivore,3,Flier|Quick,,Breathless,Acrobatics:Proficient|Combat:Proficient|Perception:Proficient
Poipole,Poison,7,7,7,7,7,7,Space,1,Small,1,Omnivore,2,Flier,Underdog,,Acrobatics:Proficient|Stealth:Proficient
Naganadel,Poison|Dragon,8,8,8,15,8,13,Space,8,Huge,5,Omnivore,3,Flier,,,Acrobatics:Proficient|Combat:Proficient|Focus:Proficient
Nihilego,Rock|Poison,12,5,5,14,14,10,"Ocean, Space",2,Medium,3,Phototroph,3,Flier,,Breathless|Chilled|Dead Silent,Focus:Proficient|Stealth:Proficient
Stakataka,Rock|Steel,6,13,25,5,10,1,"Space, Urban",10,Huge,6,Nullivore,3,Slow,Reach,Breathless|Mindlock,Athletics:Proficient|Focus:Proficient|Perception:Mastered
Celesteela,Steel|Flying,13,10,10,11,10,6,"Space, Urban",8,Huge,6,Phototroph,3,Flier|Quick,Reach,,Acrobatics:Proficient|Athletics:Mastered|Perception:Proficient
